Name of Investment Choice,Date,Currency,Purchase Price,Unit Sell Price
MIL Barings Developed and Emerging Markets High Yield Bond Fund #,,,,
MIL Barings Developed and Emerging Markets High Yield Bond Fund #,2017/08/28,USD,1.0000,1.0000
MIL Barings Developed and Emerging Markets High Yield Bond Fund #,2017/08/29,USD,1.0000,1.0000
MIL Barings Developed and Emerging Markets High Yield Bond Fund #,2017/08/30,USD,1.0000,1.0000
MIL Barings Developed and Emerging Markets High Yield Bond Fund #,2017/08/31,USD,1.0000,1.0000
MIL Barings Developed and Emerging Markets High Yield Bond Fund #,2017/09/01,USD,1.0000,1.0000
MIL Barings Developed and Emerging Markets High Yield Bond Fund #,2017/09/04,USD,1.0000,1.0000
MIL Barings Developed and Emerging Markets High Yield Bond Fund #,2017/09/05,USD,1.0000,1.0000
MIL Barings Developed and Emerging Markets High Yield Bond Fund #,2017/09/06,USD,1.0000,1.0000
MIL Barings Developed and Emerging Markets High Yield Bond Fund #,2017/09/07,USD,1.0010,1.0010
MIL Barings Developed and Emerging Markets High Yield Bond Fund #,2017/09/08,USD,1.0020,1.0020
MIL Barings Developed and Emerging Markets High Yield Bond Fund #,2017/09/11,USD,1.0010,1.0010
MIL Barings Developed and Emerging Markets High Yield Bond Fund #,2017/09/12,USD,1.0020,1.0020
MIL Barings Developed and Emerging Markets High Yield Bond Fund #,2017/09/13,USD,1.0020,1.0020
MIL Barings Developed and Emerging Markets High Yield Bond Fund #,2017/09/14,USD,1.0020,1.0020
MIL Barings Developed and Emerging Markets High Yield Bond Fund #,2017/09/15,USD,1.0020,1.0020
MIL Barings Developed and Emerging Markets High Yield Bond Fund #,2017/09/18,USD,1.0020,1.0020
MIL Barings Developed and Emerging Markets High Yield Bond Fund #,2017/09/19,USD,1.0020,1.0020
MIL Barings Developed and Emerging Markets High Yield Bond Fund #,2017/09/20,USD,1.0030,1.0030
MIL Barings Developed and Emerging Markets High Yield Bond Fund #,2017/09/21,USD,1.0040,1.0040
MIL Barings Developed and Emerging Markets High Yield Bond Fund #,2017/09/22,USD,1.0030,1.0030
MIL Barings Developed and Emerging Markets High Yield Bond Fund #,2017/09/25,USD,1.0030,1.0030
MIL Barings Developed and Emerging Markets High Yield Bond Fund #,2017/09/26,USD,1.0030,1.0030
MIL Barings Developed and Emerging Markets High Yield Bond Fund #,2017/09/27,USD,1.0040,1.0040
MIL Barings Developed and Emerging Markets High Yield Bond Fund #,2017/09/28,USD,1.0050,1.0050
MIL Barings Developed and Emerging Markets High Yield Bond Fund #,2017/09/29,USD,1.0050,1.0050
MIL Barings Developed and Emerging Markets High Yield Bond Fund #,2017/10/03,USD,1.0060,1.0060
MIL Barings Developed and Emerging Markets High Yield Bond Fund #,2017/10/04,USD,1.0060,1.0060
MIL Barings Developed and Emerging Markets High Yield Bond Fund #,2017/10/06,USD,1.0060,1.0060
MIL Barings Developed and Emerging Markets High Yield Bond Fund #,2017/10/09,USD,1.0060,1.0060
MIL Barings Developed and Emerging Markets High Yield Bond Fund #,2017/10/10,USD,1.0060,1.0060
MIL Barings Developed and Emerging Markets High Yield Bond Fund #,2017/10/11,USD,1.0070,1.0070
MIL Barings Developed and Emerging Markets High Yield Bond Fund #,2017/10/12,USD,1.0070,1.0070
MIL Barings Developed and Emerging Markets High Yield Bond Fund #,2017/10/13,USD,1.0070,1.0070
MIL Barings Developed and Emerging Markets High Yield Bond Fund #,2017/10/16,USD,1.0070,1.0070
MIL Barings Developed and Emerging Markets High Yield Bond Fund #,2017/10/17,USD,1.0070,1.0070
MIL Barings Developed and Emerging Markets High Yield Bond Fund #,2017/10/18,USD,1.0080,1.0080
MIL Barings Developed and Emerging Markets High Yield Bond Fund #,2017/10/19,USD,1.0090,1.0090
MIL Barings Developed and Emerging Markets High Yield Bond Fund #,2017/10/20,USD,1.0090,1.0090
MIL Barings Developed and Emerging Markets High Yield Bond Fund #,2017/10/23,USD,1.0090,1.0090
MIL Barings Developed and Emerging Markets High Yield Bond Fund #,2017/10/24,USD,1.0100,1.0100
MIL Barings Developed and Emerging Markets High Yield Bond Fund #,2017/10/25,USD,1.0100,1.0100
MIL Barings Developed and Emerging Markets High Yield Bond Fund #,2017/10/26,USD,1.0090,1.0090
MIL Barings Developed and Emerging Markets High Yield Bond Fund #,2017/10/27,USD,1.0090,1.0090
MIL Barings Developed and Emerging Markets High Yield Bond Fund #,2017/10/30,USD,1.0090,1.0090
MIL Barings Developed and Emerging Markets High Yield Bond Fund #,2017/10/31,USD,1.0090,1.0090
MIL Barings Developed and Emerging Markets High Yield Bond Fund #,2017/11/01,USD,1.0100,1.0100
MIL Barings Developed and Emerging Markets High Yield Bond Fund #,2017/11/02,USD,1.0100,1.0100
MIL Barings Developed and Emerging Markets High Yield Bond Fund #,2017/11/03,USD,1.0100,1.0100
MIL Barings Developed and Emerging Markets High Yield Bond Fund #,2017/11/06,USD,1.0100,1.0100
MIL Barings Developed and Emerging Markets High Yield Bond Fund #,2017/11/07,USD,1.0100,1.0100
MIL Barings Developed and Emerging Markets High Yield Bond Fund #,2017/11/08,USD,1.0080,1.0080
MIL Barings Developed and Emerging Markets High Yield Bond Fund #,2017/11/09,USD,1.0060,1.0060
MIL Barings Developed and Emerging Markets High Yield Bond Fund #,2017/11/10,USD,1.0030,1.0030
MIL Barings Developed and Emerging Markets High Yield Bond Fund #,2017/11/13,USD,1.0030,1.0030
MIL Barings Developed and Emerging Markets High Yield Bond Fund #,2017/11/14,USD,1.0020,1.0020
MIL Barings Developed and Emerging Markets High Yield Bond Fund #,2017/11/15,USD,1.0000,1.0000
MIL Barings Developed and Emerging Markets High Yield Bond Fund #,2017/11/16,USD,0.9990,0.9990
MIL Barings Developed and Emerging Markets High Yield Bond Fund #,2017/11/17,USD,1.0030,1.0030
MIL Barings Developed and Emerging Markets High Yield Bond Fund #,2017/11/20,USD,1.0040,1.0040
MIL Barings Developed and Emerging Markets High Yield Bond Fund #,2017/11/21,USD,1.0040,1.0040
MIL Barings Developed and Emerging Markets High Yield Bond Fund #,2017/11/22,USD,1.0040,1.0040
MIL Barings Developed and Emerging Markets High Yield Bond Fund #,2017/11/23,USD,1.0060,1.0060
MIL Barings Developed and Emerging Markets High Yield Bond Fund #,2017/11/24,USD,1.0060,1.0060
MIL Barings Developed and Emerging Markets High Yield Bond Fund #,2017/11/27,USD,1.0070,1.0070
MIL Barings Developed and Emerging Markets High Yield Bond Fund #,2017/11/28,USD,1.0070,1.0070
MIL Barings Developed and Emerging Markets High Yield Bond Fund #,2017/11/29,USD,1.0060,1.0060
MIL Barings Developed and Emerging Markets High Yield Bond Fund #,2017/11/30,USD,1.0060,1.0060
MIL Barings Developed and Emerging Markets High Yield Bond Fund #,2017/12/01,USD,1.0060,1.0060
MIL Barings Developed and Emerging Markets High Yield Bond Fund #,2017/12/04,USD,1.0060,1.0060
MIL Barings Developed and Emerging Markets High Yield Bond Fund #,2017/12/05,USD,1.0070,1.0070
MIL Barings Developed and Emerging Markets High Yield Bond Fund #,2017/12/06,USD,1.0110,1.0110
MIL Barings Developed and Emerging Markets High Yield Bond Fund #,2017/12/07,USD,1.0070,1.0070
MIL Barings Developed and Emerging Markets High Yield Bond Fund #,2017/12/08,USD,1.0060,1.0060
MIL Barings Developed and Emerging Markets High Yield Bond Fund #,2017/12/11,USD,1.0060,1.0060
MIL Barings Developed and Emerging Markets High Yield Bond Fund #,2017/12/12,USD,1.0060,1.0060
MIL Barings Developed and Emerging Markets High Yield Bond Fund #,2017/12/13,USD,1.0080,1.0080
MIL Barings Developed and Emerging Markets High Yield Bond Fund #,2017/12/14,USD,1.0070,1.0070
MIL Barings Developed and Emerging Markets High Yield Bond Fund #,2017/12/15,USD,1.0070,1.0070
MIL Barings Developed and Emerging Markets High Yield Bond Fund #,2017/12/18,USD,1.0070,1.0070
MIL Barings Developed and Emerging Markets High Yield Bond Fund #,2017/12/19,USD,1.0060,1.0060
MIL Barings Developed and Emerging Markets High Yield Bond Fund #,2017/12/20,USD,1.0060,1.0060
MIL Barings Developed and Emerging Markets High Yield Bond Fund #,2017/12/21,USD,1.0060,1.0060
MIL Barings Developed and Emerging Markets High Yield Bond Fund #,2017/12/22,USD,1.0070,1.0070
MIL Barings Developed and Emerging Markets High Yield Bond Fund #,2017/12/27,USD,1.0060,1.0060
MIL Barings Developed and Emerging Markets High Yield Bond Fund #,2017/12/28,USD,1.0070,1.0070
MIL Barings Developed and Emerging Markets High Yield Bond Fund #,2017/12/29,USD,1.0070,1.0070
MIL Barings Developed and Emerging Markets High Yield Bond Fund #,2018/01/02,USD,1.0070,1.0070
MIL Barings Developed and Emerging Markets High Yield Bond Fund #,2018/01/03,USD,1.0090,1.0090
MIL Barings Developed and Emerging Markets High Yield Bond Fund #,2018/01/04,USD,1.0110,1.0110
MIL Barings Developed and Emerging Markets High Yield Bond Fund #,2018/01/05,USD,1.0140,1.0140
MIL Barings Developed and Emerging Markets High Yield Bond Fund #,2018/01/08,USD,1.0150,1.0150
MIL Barings Developed and Emerging Markets High Yield Bond Fund #,2018/01/09,USD,1.0150,1.0150
MIL Barings Developed and Emerging Markets High Yield Bond Fund #,2018/01/10,USD,1.0150,1.0150
MIL Barings Developed and Emerging Markets High Yield Bond Fund #,2018/01/11,USD,1.0140,1.0140
MIL Barings Developed and Emerging Markets High Yield Bond Fund #,2018/01/12,USD,1.0140,1.0140
MIL Barings Developed and Emerging Markets High Yield Bond Fund #,2018/01/15,USD,1.0150,1.0150
MIL Barings Developed and Emerging Markets High Yield Bond Fund #,2018/01/16,USD,1.0150,1.0150
MIL Barings Developed and Emerging Markets High Yield Bond Fund #,2018/01/17,USD,1.0160,1.0160
MIL Barings Developed and Emerging Markets High Yield Bond Fund #,2018/01/18,USD,1.0160,1.0160
MIL Barings Developed and Emerging Markets High Yield Bond Fund #,2018/01/19,USD,1.0150,1.0150
MIL Barings Developed and Emerging Markets High Yield Bond Fund #,2018/01/22,USD,1.0140,1.0140
MIL Barings Developed and Emerging Markets High Yield Bond Fund #,2018/01/23,USD,1.0150,1.0150
MIL Barings Developed and Emerging Markets High Yield Bond Fund #,2018/01/24,USD,1.0160,1.0160
MIL Barings Developed and Emerging Markets High Yield Bond Fund #,2018/01/25,USD,1.0160,1.0160
MIL Barings Developed and Emerging Markets High Yield Bond Fund #,2018/01/26,USD,1.0170,1.0170
MIL Barings Developed and Emerging Markets High Yield Bond Fund #,2018/01/29,USD,1.0170,1.0170
MIL Barings Developed and Emerging Markets High Yield Bond Fund #,2018/01/30,USD,1.0150,1.0150
MIL Barings Developed and Emerging Markets High Yield Bond Fund #,2018/01/31,USD,1.0120,1.0120
MIL Barings Developed and Emerging Markets High Yield Bond Fund #,2018/02/01,USD,1.0140,1.0140
MIL Barings Developed and Emerging Markets High Yield Bond Fund #,2018/02/02,USD,1.0130,1.0130
MIL Barings Developed and Emerging Markets High Yield Bond Fund #,2018/02/05,USD,1.0100,1.0100
MIL Barings Developed and Emerging Markets High Yield Bond Fund #,2018/02/06,USD,1.0070,1.0070
MIL Barings Developed and Emerging Markets High Yield Bond Fund #,2018/02/07,USD,1.0050,1.0050
MIL Barings Developed and Emerging Markets High Yield Bond Fund #,2018/02/08,USD,1.0080,1.0080
MIL Barings Developed and Emerging Markets High Yield Bond Fund #,2018/02/09,USD,1.0030,1.0030
MIL Barings Developed and Emerging Markets High Yield Bond Fund #,2018/02/12,USD,0.9980,0.9980
MIL Barings Developed and Emerging Markets High Yield Bond Fund #,2018/02/13,USD,0.9990,0.9990
MIL Barings Developed and Emerging Markets High Yield Bond Fund #,2018/02/14,USD,0.9970,0.9970
MIL Barings Developed and Emerging Markets High Yield Bond Fund #,2018/02/15,USD,0.9970,0.9970
MIL Barings Developed and Emerging Markets High Yield Bond Fund #,2018/02/20,USD,1.0030,1.0030
MIL Barings Developed and Emerging Markets High Yield Bond Fund #,2018/02/21,USD,1.0020,1.0020
MIL Barings Developed and Emerging Markets High Yield Bond Fund #,2018/02/22,USD,1.0010,1.0010
MIL Barings Developed and Emerging Markets High Yield Bond Fund #,2018/02/23,USD,1.0000,1.0000
MIL Barings Developed and Emerging Markets High Yield Bond Fund #,2018/02/26,USD,0.9990,0.9990
MIL Barings Developed and Emerging Markets High Yield Bond Fund #,2018/02/27,USD,1.0010,1.0010
MIL Barings Developed and Emerging Markets High Yield Bond Fund #,2018/02/28,USD,1.0010,1.0010
MIL Barings Developed and Emerging Markets High Yield Bond Fund #,2018/03/01,USD,1.0000,1.0000
MIL Barings Developed and Emerging Markets High Yield Bond Fund #,2018/03/02,USD,0.9980,0.9980
MIL Barings Developed and Emerging Markets High Yield Bond Fund #,2018/03/05,USD,0.9960,0.9960
MIL Barings Developed and Emerging Markets High Yield Bond Fund #,2018/03/06,USD,0.9970,0.9970
MIL Barings Developed and Emerging Markets High Yield Bond Fund #,2018/03/07,USD,0.9990,0.9990
MIL Barings Developed and Emerging Markets High Yield Bond Fund #,2018/03/08,USD,0.9970,0.9970
MIL Barings Developed and Emerging Markets High Yield Bond Fund #,2018/03/09,USD,0.9970,0.9970
MIL Barings Developed and Emerging Markets High Yield Bond Fund #,2018/03/12,USD,0.9980,0.9980
MIL Barings Developed and Emerging Markets High Yield Bond Fund #,2018/03/13,USD,0.9980,0.9980
MIL Barings Developed and Emerging Markets High Yield Bond Fund #,2018/03/14,USD,0.9980,0.9980
MIL Barings Developed and Emerging Markets High Yield Bond Fund #,2018/03/15,USD,0.9970,0.9970
MIL Barings Developed and Emerging Markets High Yield Bond Fund #,2018/03/16,USD,0.9970,0.9970
MIL Barings Developed and Emerging Markets High Yield Bond Fund #,2018/03/19,USD,0.9970,0.9970
MIL Barings Developed and Emerging Markets High Yield Bond Fund #,2018/03/20,USD,0.9950,0.9950
MIL Barings Developed and Emerging Markets High Yield Bond Fund #,2018/03/21,USD,0.9950,0.9950
MIL Barings Developed and Emerging Markets High Yield Bond Fund #,2018/03/22,USD,0.9940,0.9940
MIL Barings Developed and Emerging Markets High Yield Bond Fund #,2018/03/23,USD,0.9930,0.9930
MIL Barings Developed and Emerging Markets High Yield Bond Fund #,2018/03/26,USD,0.9920,0.9920
MIL Barings Developed and Emerging Markets High Yield Bond Fund #,2018/03/27,USD,0.9920,0.9920
MIL Barings Developed and Emerging Markets High Yield Bond Fund #,2018/03/28,USD,0.9920,0.9920
MIL Barings Developed and Emerging Markets High Yield Bond Fund #,2018/03/29,USD,0.9920,0.9920
MIL Barings Developed and Emerging Markets High Yield Bond Fund #,2018/04/03,USD,0.9910,0.9910
MIL Barings Developed and Emerging Markets High Yield Bond Fund #,2018/04/04,USD,0.9920,0.9920
MIL Barings Developed and Emerging Markets High Yield Bond Fund #,2018/04/06,USD,0.9940,0.9940
MIL Barings Developed and Emerging Markets High Yield Bond Fund #,2018/04/09,USD,0.9940,0.9940
MIL Barings Developed and Emerging Markets High Yield Bond Fund #,2018/04/10,USD,0.9950,0.9950
MIL Barings Developed and Emerging Markets High Yield Bond Fund #,2018/04/11,USD,0.9970,0.9970
MIL Barings Developed and Emerging Markets High Yield Bond Fund #,2018/04/12,USD,0.9970,0.9970
MIL Barings Developed and Emerging Markets High Yield Bond Fund #,2018/04/13,USD,0.9990,0.9990
MIL Barings Developed and Emerging Markets High Yield Bond Fund #,2018/04/16,USD,1.0010,1.0010
MIL Barings Developed and Emerging Markets High Yield Bond Fund #,2018/04/17,USD,1.0020,1.0020
MIL Barings Developed and Emerging Markets High Yield Bond Fund #,2018/04/18,USD,1.0030,1.0030
MIL Barings Developed and Emerging Markets High Yield Bond Fund #,2018/04/19,USD,1.0030,1.0030
MIL Barings Developed and Emerging Markets High Yield Bond Fund #,2018/04/20,USD,1.0010,1.0010
MIL Barings Developed and Emerging Markets High Yield Bond Fund #,2018/04/23,USD,0.9990,0.9990
MIL Barings Developed and Emerging Markets High Yield Bond Fund #,2018/04/24,USD,0.9980,0.9980
MIL Barings Developed and Emerging Markets High Yield Bond Fund #,2018/04/25,USD,0.9960,0.9960
MIL Barings Developed and Emerging Markets High Yield Bond Fund #,2018/04/26,USD,0.9940,0.9940
MIL Barings Developed and Emerging Markets High Yield Bond Fund #,2018/04/27,USD,0.9950,0.9950
MIL Barings Developed and Emerging Markets High Yield Bond Fund #,2018/04/30,USD,0.9950,0.9950
MIL Barings Developed and Emerging Markets High Yield Bond Fund #,2018/05/02,USD,0.9930,0.9930
MIL Barings Developed and Emerging Markets High Yield Bond Fund #,2018/05/03,USD,0.9920,0.9920
MIL Barings Developed and Emerging Markets High Yield Bond Fund #,2018/05/04,USD,0.9910,0.9910
MIL Barings Developed and Emerging Markets High Yield Bond Fund #,2018/05/07,USD,0.9910,0.9910
MIL Barings Developed and Emerging Markets High Yield Bond Fund #,2018/05/08,USD,0.9920,0.9920
MIL Barings Developed and Emerging Markets High Yield Bond Fund #,2018/05/09,USD,0.9900,0.9900
MIL Barings Developed and Emerging Markets High Yield Bond Fund #,2018/05/10,USD,0.9910,0.9910
MIL Barings Developed and Emerging Markets High Yield Bond Fund #,2018/05/11,USD,0.9920,0.9920
MIL Barings Developed and Emerging Markets High Yield Bond Fund #,2018/05/14,USD,0.9920,0.9920
MIL Barings Developed and Emerging Markets High Yield Bond Fund #,2018/05/15,USD,0.9920,0.9920
MIL Barings Developed and Emerging Markets High Yield Bond Fund #,2018/05/16,USD,0.9910,0.9910
MIL Barings Developed and Emerging Markets High Yield Bond Fund #,2018/05/17,USD,0.9910,0.9910
MIL Barings Developed and Emerging Markets High Yield Bond Fund #,2018/05/18,USD,0.9910,0.9910
MIL Barings Developed and Emerging Markets High Yield Bond Fund #,2018/05/21,USD,0.9900,0.9900
MIL Barings Developed and Emerging Markets High Yield Bond Fund #,2018/05/23,USD,0.9910,0.9910
MIL Barings Developed and Emerging Markets High Yield Bond Fund #,2018/05/24,USD,0.9900,0.9900
MIL Barings Developed and Emerging Markets High Yield Bond Fund #,2018/05/25,USD,0.9900,0.9900
MIL Barings Developed and Emerging Markets High Yield Bond Fund #,2018/05/28,USD,0.9900,0.9900
MIL Barings Developed and Emerging Markets High Yield Bond Fund #,2018/05/29,USD,0.9880,0.9880
MIL Barings Developed and Emerging Markets High Yield Bond Fund #,2018/05/30,USD,0.9860,0.9860
MIL Barings Developed and Emerging Markets High Yield Bond Fund #,2018/05/31,USD,0.9870,0.9870
MIL Barings Developed and Emerging Markets High Yield Bond Fund #,2018/06/01,USD,0.9870,0.9870
MIL Barings Developed and Emerging Markets High Yield Bond Fund #,2018/06/04,USD,0.9870,0.9870
MIL Barings Developed and Emerging Markets High Yield Bond Fund #,2018/06/05,USD,0.9890,0.9890
MIL Barings Developed and Emerging Markets High Yield Bond Fund #,2018/06/06,USD,0.9890,0.9890
MIL Barings Developed and Emerging Markets High Yield Bond Fund #,2018/06/07,USD,0.9890,0.9890
MIL Barings Developed and Emerging Markets High Yield Bond Fund #,2018/06/08,USD,0.9890,0.9890
MIL Barings Developed and Emerging Markets High Yield Bond Fund #,2018/06/11,USD,0.9900,0.9900
MIL Barings Developed and Emerging Markets High Yield Bond Fund #,2018/06/12,USD,0.9900,0.9900
MIL Barings Developed and Emerging Markets High Yield Bond Fund #,2018/06/13,USD,0.9900,0.9900
MIL Barings Developed and Emerging Markets High Yield Bond Fund #,2018/06/14,USD,0.9910,0.9910
MIL Barings Developed and Emerging Markets High Yield Bond Fund #,2018/06/15,USD,0.9920,0.9920
MIL Barings Developed and Emerging Markets High Yield Bond Fund #,2018/06/19,USD,0.9900,0.9900
MIL Barings Developed and Emerging Markets High Yield Bond Fund #,2018/06/20,USD,0.9890,0.9890
MIL Barings Developed and Emerging Markets High Yield Bond Fund #,2018/06/21,USD,0.9900,0.9900
MIL Barings Developed and Emerging Markets High Yield Bond Fund #,2018/06/22,USD,0.9890,0.9890
MIL Barings Developed and Emerging Markets High Yield Bond Fund #,2018/06/25,USD,0.9890,0.9890
MIL Barings Developed and Emerging Markets High Yield Bond Fund #,2018/06/26,USD,0.9880,0.9880
MIL Barings Developed and Emerging Markets High Yield Bond Fund #,2018/06/27,USD,0.9850,0.9850
MIL Barings Developed and Emerging Markets High Yield Bond Fund #,2018/06/28,USD,0.9850,0.9850
MIL Barings Developed and Emerging Markets High Yield Bond Fund #,2018/06/29,USD,0.9810,0.9810
MIL Barings Developed and Emerging Markets High Yield Bond Fund #,2018/07/03,USD,0.9800,0.9800
MIL Barings Developed and Emerging Markets High Yield Bond Fund #,2018/07/04,USD,0.9800,0.9800
MIL Barings Developed and Emerging Markets High Yield Bond Fund #,2018/07/05,USD,0.9810,0.9810
MIL Barings Developed and Emerging Markets High Yield Bond Fund #,2018/07/06,USD,0.9820,0.9820
MIL Barings Developed and Emerging Markets High Yield Bond Fund #,2018/07/09,USD,0.9830,0.9830
MIL Barings Developed and Emerging Markets High Yield Bond Fund #,2018/07/10,USD,0.9850,0.9850
MIL Barings Developed and Emerging Markets High Yield Bond Fund #,2018/07/11,USD,0.9860,0.9860
MIL Barings Developed and Emerging Markets High Yield Bond Fund #,2018/07/12,USD,0.9850,0.9850
MIL Barings Developed and Emerging Markets High Yield Bond Fund #,2018/07/13,USD,0.9870,0.9870
MIL Barings Developed and Emerging Markets High Yield Bond Fund #,2018/07/16,USD,0.9890,0.9890
MIL Barings Developed and Emerging Markets High Yield Bond Fund #,2018/07/17,USD,0.9890,0.9890
MIL Barings Developed and Emerging Markets High Yield Bond Fund #,2018/07/18,USD,0.9890,0.9890
MIL Barings Developed and Emerging Markets High Yield Bond Fund #,2018/07/19,USD,0.9890,0.9890
MIL Barings Developed and Emerging Markets High Yield Bond Fund #,2018/07/20,USD,0.9890,0.9890
MIL Barings Developed and Emerging Markets High Yield Bond Fund #,2018/07/23,USD,0.9900,0.9900
MIL Barings Developed and Emerging Markets High Yield Bond Fund #,2018/07/24,USD,0.9900,0.9900
MIL Barings Developed and Emerging Markets High Yield Bond Fund #,2018/07/25,USD,0.9910,0.9910
MIL Barings Developed and Emerging Markets High Yield Bond Fund #,2018/07/26,USD,0.9930,0.9930
MIL Barings Developed and Emerging Markets High Yield Bond Fund #,2018/07/27,USD,0.9940,0.9940
MIL Barings Developed and Emerging Markets High Yield Bond Fund #,2018/07/30,USD,0.9940,0.9940
MIL Barings Developed and Emerging Markets High Yield Bond Fund #,2018/07/31,USD,0.9940,0.9940
MIL Barings Developed and Emerging Markets High Yield Bond Fund #,2018/08/01,USD,0.9950,0.9950
MIL Barings Developed and Emerging Markets High Yield Bond Fund #,2018/08/02,USD,0.9950,0.9950
MIL Barings Developed and Emerging Markets High Yield Bond Fund #,2018/08/03,USD,0.9950,0.9950
MIL Barings Developed and Emerging Markets High Yield Bond Fund #,2018/08/06,USD,0.9950,0.9950
MIL Barings Developed and Emerging Markets High Yield Bond Fund #,2018/08/07,USD,0.9960,0.9960
MIL Barings Developed and Emerging Markets High Yield Bond Fund #,2018/08/08,USD,0.9980,0.9980
MIL Barings Developed and Emerging Markets High Yield Bond Fund #,2018/08/09,USD,0.9980,0.9980
MIL Barings Developed and Emerging Markets High Yield Bond Fund #,2018/08/10,USD,0.9960,0.9960
MIL Barings Developed and Emerging Markets High Yield Bond Fund #,2018/08/13,USD,0.9950,0.9950
MIL Barings Developed and Emerging Markets High Yield Bond Fund #,2018/08/14,USD,0.9930,0.9930
MIL Barings Developed and Emerging Markets High Yield Bond Fund #,2018/08/15,USD,0.9930,0.9930
MIL Barings Developed and Emerging Markets High Yield Bond Fund #,2018/08/16,USD,0.9930,0.9930
MIL Barings Developed and Emerging Markets High Yield Bond Fund #,2018/08/17,USD,0.9940,0.9940
MIL Barings Developed and Emerging Markets High Yield Bond Fund #,2018/08/20,USD,0.9940,0.9940
MIL Barings Developed and Emerging Markets High Yield Bond Fund #,2018/08/21,USD,0.9950,0.9950
MIL Barings Developed and Emerging Markets High Yield Bond Fund #,2018/08/22,USD,0.9960,0.9960
MIL Barings Developed and Emerging Markets High Yield Bond Fund #,2018/08/23,USD,0.9970,0.9970
MIL Barings Developed and Emerging Markets High Yield Bond Fund #,2018/08/24,USD,0.9970,0.9970
MIL Barings Developed and Emerging Markets High Yield Bond Fund #,2018/08/27,USD,0.9970,0.9970
MIL Barings Developed and Emerging Markets High Yield Bond Fund #,2018/08/28,USD,0.9980,0.9980
MIL Barings Developed and Emerging Markets High Yield Bond Fund #,2018/08/29,USD,0.9980,0.9980
MIL Barings Developed and Emerging Markets High Yield Bond Fund #,2018/08/30,USD,0.9980,0.9980
MIL Barings Developed and Emerging Markets High Yield Bond Fund #,2018/08/31,USD,0.9970,0.9970
MIL Barings Developed and Emerging Markets High Yield Bond Fund #,2018/09/03,USD,0.9970,0.9970
MIL Barings Developed and Emerging Markets High Yield Bond Fund #,2018/09/04,USD,0.9970,0.9970
MIL Barings Developed and Emerging Markets High Yield Bond Fund #,2018/09/05,USD,0.9970,0.9970
MIL Barings Developed and Emerging Markets High Yield Bond Fund #,2018/09/06,USD,0.9960,0.9960
MIL Barings Developed and Emerging Markets High Yield Bond Fund #,2018/09/07,USD,0.9960,0.9960
MIL Barings Developed and Emerging Markets High Yield Bond Fund #,2018/09/10,USD,0.9960,0.9960
MIL Barings Developed and Emerging Markets High Yield Bond Fund #,2018/09/11,USD,0.9960,0.9960
MIL Barings Developed and Emerging Markets High Yield Bond Fund #,2018/09/12,USD,0.9970,0.9970
MIL Barings Developed and Emerging Markets High Yield Bond Fund #,2018/09/13,USD,0.9980,0.9980
MIL Barings Developed and Emerging Markets High Yield Bond Fund #,2018/09/14,USD,1.0000,1.0000
MIL Barings Developed and Emerging Markets High Yield Bond Fund #,2018/09/17,USD,1.0010,1.0010
MIL Barings Developed and Emerging Markets High Yield Bond Fund #,2018/09/18,USD,1.0010,1.0010
MIL Barings Developed and Emerging Markets High Yield Bond Fund #,2018/09/19,USD,1.0020,1.0020
MIL Barings Developed and Emerging Markets High Yield Bond Fund #,2018/09/20,USD,1.0020,1.0020
MIL Barings Developed and Emerging Markets High Yield Bond Fund #,2018/09/21,USD,1.0030,1.0030
MIL Barings Developed and Emerging Markets High Yield Bond Fund #,2018/09/24,USD,1.0040,1.0040
MIL Barings Developed and Emerging Markets High Yield Bond Fund #,2018/09/26,USD,1.0030,1.0030
MIL Barings Developed and Emerging Markets High Yield Bond Fund #,2018/09/27,USD,1.0040,1.0040
MIL Barings Developed and Emerging Markets High Yield Bond Fund #,2018/09/28,USD,1.0040,1.0040
MIL Barings Developed and Emerging Markets High Yield Bond Fund #,2018/10/02,USD,1.0060,1.0060
MIL Barings Developed and Emerging Markets High Yield Bond Fund #,2018/10/03,USD,1.0060,1.0060
MIL Barings Developed and Emerging Markets High Yield Bond Fund #,2018/10/04,USD,1.0070,1.0070
MIL Barings Developed and Emerging Markets High Yield Bond Fund #,2018/10/05,USD,1.0030,1.0030
MIL Barings Developed and Emerging Markets High Yield Bond Fund #,2018/10/08,USD,1.0020,1.0020
MIL Barings Developed and Emerging Markets High Yield Bond Fund #,2018/10/09,USD,1.0010,1.0010
MIL Barings Developed and Emerging Markets High Yield Bond Fund #,2018/10/10,USD,1.0000,1.0000
MIL Barings Developed and Emerging Markets High Yield Bond Fund #,2018/10/11,USD,0.9970,0.9970
MIL Barings Developed and Emerging Markets High Yield Bond Fund #,2018/10/12,USD,0.9980,0.9980
MIL Barings Developed and Emerging Markets High Yield Bond Fund #,2018/10/15,USD,0.9990,0.9990
MIL Barings Developed and Emerging Markets High Yield Bond Fund #,2018/10/16,USD,1.0000,1.0000
MIL Barings Developed and Emerging Markets High Yield Bond Fund #,2018/10/18,USD,1.0000,1.0000
MIL Barings Developed and Emerging Markets High Yield Bond Fund #,2018/10/19,USD,0.9980,0.9980
MIL Barings Developed and Emerging Markets High Yield Bond Fund #,2018/10/22,USD,0.9980,0.9980
MIL Barings Developed and Emerging Markets High Yield Bond Fund #,2018/10/23,USD,0.9970,0.9970
MIL Barings Developed and Emerging Markets High Yield Bond Fund #,2018/10/24,USD,0.9950,0.9950
MIL Barings Developed and Emerging Markets High Yield Bond Fund #,2018/10/25,USD,0.9930,0.9930
MIL Barings Developed and Emerging Markets High Yield Bond Fund #,2018/10/26,USD,0.9910,0.9910
MIL Barings Developed and Emerging Markets High Yield Bond Fund #,2018/10/29,USD,0.9910,0.9910
MIL Barings Developed and Emerging Markets High Yield Bond Fund #,2018/10/30,USD,0.9890,0.9890
MIL Barings Developed and Emerging Markets High Yield Bond Fund #,2018/10/31,USD,0.9870,0.9870
MIL Barings Developed and Emerging Markets High Yield Bond Fund #,2018/11/01,USD,0.9890,0.9890
MIL Barings Developed and Emerging Markets High Yield Bond Fund #,2018/11/02,USD,0.9910,0.9910
MIL Barings Developed and Emerging Markets High Yield Bond Fund #,2018/11/05,USD,0.9920,0.9920
MIL Barings Developed and Emerging Markets High Yield Bond Fund #,2018/11/06,USD,0.9920,0.9920
MIL Barings Developed and Emerging Markets High Yield Bond Fund #,2018/11/07,USD,0.9920,0.9920
MIL Barings Developed and Emerging Markets High Yield Bond Fund #,2018/11/08,USD,0.9940,0.9940
MIL Barings Developed and Emerging Markets High Yield Bond Fund #,2018/11/09,USD,0.9930,0.9930
MIL Barings Developed and Emerging Markets High Yield Bond Fund #,2018/11/12,USD,0.9890,0.9890
MIL Barings Developed and Emerging Markets High Yield Bond Fund #,2018/11/13,USD,0.9880,0.9880
MIL Barings Developed and Emerging Markets High Yield Bond Fund #,2018/11/14,USD,0.9850,0.9850
MIL Barings Developed and Emerging Markets High Yield Bond Fund #,2018/11/15,USD,0.9830,0.9830
MIL Barings Developed and Emerging Markets High Yield Bond Fund #,2018/11/16,USD,0.9790,0.9790
MIL Barings Developed and Emerging Markets High Yield Bond Fund #,2018/11/19,USD,0.9770,0.9770
MIL Barings Developed and Emerging Markets High Yield Bond Fund #,2018/11/20,USD,0.9730,0.9730
MIL Barings Developed and Emerging Markets High Yield Bond Fund #,2018/11/21,USD,0.9690,0.9690
MIL Barings Developed and Emerging Markets High Yield Bond Fund #,2018/11/22,USD,0.9710,0.9710
MIL Barings Developed and Emerging Markets High Yield Bond Fund #,2018/11/23,USD,0.9710,0.9710
MIL Barings Developed and Emerging Markets High Yield Bond Fund #,2018/11/26,USD,0.9690,0.9690
MIL Barings Developed and Emerging Markets High Yield Bond Fund #,2018/11/27,USD,0.9680,0.9680
MIL Barings Developed and Emerging Markets High Yield Bond Fund #,2018/11/28,USD,0.9650,0.9650
MIL Barings Developed and Emerging Markets High Yield Bond Fund #,2018/11/29,USD,0.9660,0.9660
MIL Barings Developed and Emerging Markets High Yield Bond Fund #,2018/11/30,USD,0.9660,0.9660
MIL Barings Developed and Emerging Markets High Yield Bond Fund #,2018/12/03,USD,0.9670,0.9670
MIL Barings Developed and Emerging Markets High Yield Bond Fund #,2018/12/04,USD,0.9700,0.9700
MIL Barings Developed and Emerging Markets High Yield Bond Fund #,2018/12/05,USD,0.9680,0.9680
MIL Barings Developed and Emerging Markets High Yield Bond Fund #,2018/12/06,USD,0.9670,0.9670
MIL Barings Developed and Emerging Markets High Yield Bond Fund #,2018/12/07,USD,0.9610,0.9610
MIL Barings Developed and Emerging Markets High Yield Bond Fund #,2018/12/10,USD,0.9630,0.9630
MIL Barings Developed and Emerging Markets High Yield Bond Fund #,2018/12/11,USD,0.9600,0.9600
MIL Barings Developed and Emerging Markets High Yield Bond Fund #,2018/12/12,USD,0.9600,0.9600
MIL Barings Developed and Emerging Markets High Yield Bond Fund #,2018/12/13,USD,0.9630,0.9630
MIL Barings Developed and Emerging Markets High Yield Bond Fund #,2018/12/14,USD,0.9640,0.9640
MIL Barings Developed and Emerging Markets High Yield Bond Fund #,2018/12/17,USD,0.9630,0.9630
MIL Barings Developed and Emerging Markets High Yield Bond Fund #,2018/12/18,USD,0.9610,0.9610
MIL Barings Developed and Emerging Markets High Yield Bond Fund #,2018/12/19,USD,0.9580,0.9580
MIL Barings Developed and Emerging Markets High Yield Bond Fund #,2018/12/20,USD,0.9550,0.9550
MIL Barings Developed and Emerging Markets High Yield Bond Fund #,2018/12/21,USD,0.9480,0.9480
MIL Barings Developed and Emerging Markets High Yield Bond Fund #,2018/12/24,USD,0.9460,0.9460
MIL Barings Developed and Emerging Markets High Yield Bond Fund #,2018/12/27,USD,0.9460,0.9460
MIL Barings Developed and Emerging Markets High Yield Bond Fund #,2018/12/28,USD,0.9450,0.9450
MIL Barings Developed and Emerging Markets High Yield Bond Fund #,2018/12/31,USD,0.9460,0.9460
MIL Barings Developed and Emerging Markets High Yield Bond Fund #,2019/01/02,USD,0.9470,0.9470
MIL Barings Developed and Emerging Markets High Yield Bond Fund #,2019/01/03,USD,0.9460,0.9460
MIL Barings Developed and Emerging Markets High Yield Bond Fund #,2019/01/04,USD,0.9450,0.9450
MIL Barings Developed and Emerging Markets High Yield Bond Fund #,2019/01/07,USD,0.9530,0.9530
MIL Barings Developed and Emerging Markets High Yield Bond Fund #,2019/01/08,USD,0.9580,0.9580
MIL Barings Developed and Emerging Markets High Yield Bond Fund #,2019/01/09,USD,0.9630,0.9630
MIL Barings Developed and Emerging Markets High Yield Bond Fund #,2019/01/10,USD,0.9670,0.9670
MIL Barings Developed and Emerging Markets High Yield Bond Fund #,2019/01/11,USD,0.9670,0.9670
MIL Barings Developed and Emerging Markets High Yield Bond Fund #,2019/01/14,USD,0.9680,0.9680
MIL Barings Developed and Emerging Markets High Yield Bond Fund #,2019/01/15,USD,0.9660,0.9660
MIL Barings Developed and Emerging Markets High Yield Bond Fund #,2019/01/16,USD,0.9700,0.9700
MIL Barings Developed and Emerging Markets High Yield Bond Fund #,2019/01/17,USD,0.9720,0.9720
MIL Barings Developed and Emerging Markets High Yield Bond Fund #,2019/01/18,USD,0.9730,0.9730
MIL Barings Developed and Emerging Markets High Yield Bond Fund #,2019/01/21,USD,0.9750,0.9750
MIL Barings Developed and Emerging Markets High Yield Bond Fund #,2019/01/22,USD,0.9750,0.9750
MIL Barings Developed and Emerging Markets High Yield Bond Fund #,2019/01/23,USD,0.9730,0.9730
MIL Barings Developed and Emerging Markets High Yield Bond Fund #,2019/01/24,USD,0.9740,0.9740
MIL Barings Developed and Emerging Markets High Yield Bond Fund #,2019/01/25,USD,0.9740,0.9740
MIL Barings Developed and Emerging Markets High Yield Bond Fund #,2019/01/28,USD,0.9760,0.9760
MIL Barings Developed and Emerging Markets High Yield Bond Fund #,2019/01/29,USD,0.9740,0.9740
MIL Barings Developed and Emerging Markets High Yield Bond Fund #,2019/01/30,USD,0.9750,0.9750
MIL Barings Developed and Emerging Markets High Yield Bond Fund #,2019/01/31,USD,0.9780,0.9780
MIL Barings Developed and Emerging Markets High Yield Bond Fund #,2019/02/01,USD,0.9800,0.9800
MIL Barings Developed and Emerging Markets High Yield Bond Fund #,2019/02/04,USD,0.9810,0.9810
MIL Barings Developed and Emerging Markets High Yield Bond Fund #,2019/02/08,USD,0.9810,0.9810
MIL Barings Developed and Emerging Markets High Yield Bond Fund #,2019/02/11,USD,0.9810,0.9810
MIL Barings Developed and Emerging Markets High Yield Bond Fund #,2019/02/12,USD,0.9820,0.9820
MIL Barings Developed and Emerging Markets High Yield Bond Fund #,2019/02/13,USD,0.9830,0.9830
MIL Barings Developed and Emerging Markets High Yield Bond Fund #,2019/02/14,USD,0.9840,0.9840
MIL Barings Developed and Emerging Markets High Yield Bond Fund #,2019/02/15,USD,0.9840,0.9840
MIL Barings Developed and Emerging Markets High Yield Bond Fund #,2019/02/18,USD,0.9860,0.9860
MIL Barings Developed and Emerging Markets High Yield Bond Fund #,2019/02/19,USD,0.9860,0.9860
MIL Barings Developed and Emerging Markets High Yield Bond Fund #,2019/02/20,USD,0.9860,0.9860
MIL Barings Developed and Emerging Markets High Yield Bond Fund #,2019/02/21,USD,0.9870,0.9870
MIL Barings Developed and Emerging Markets High Yield Bond Fund #,2019/02/22,USD,0.9880,0.9880
MIL Barings Developed and Emerging Markets High Yield Bond Fund #,2019/02/25,USD,0.9900,0.9900
MIL Barings Developed and Emerging Markets High Yield Bond Fund #,2019/02/26,USD,0.9920,0.9920
MIL Barings Developed and Emerging Markets High Yield Bond Fund #,2019/02/27,USD,0.9920,0.9920
MIL Barings Developed and Emerging Markets High Yield Bond Fund #,2019/02/28,USD,0.9950,0.9950
MIL Barings Developed and Emerging Markets High Yield Bond Fund #,2019/03/01,USD,0.9950,0.9950
MIL Barings Developed and Emerging Markets High Yield Bond Fund #,2019/03/04,USD,0.9960,0.9960
MIL Barings Developed and Emerging Markets High Yield Bond Fund #,2019/03/05,USD,0.9960,0.9960
MIL Barings Developed and Emerging Markets High Yield Bond Fund #,2019/03/06,USD,0.9970,0.9970
MIL Barings Developed and Emerging Markets High Yield Bond Fund #,2019/03/07,USD,0.9950,0.9950
MIL Barings Developed and Emerging Markets High Yield Bond Fund #,2019/03/08,USD,0.9940,0.9940
MIL Barings Developed and Emerging Markets High Yield Bond Fund #,2019/03/11,USD,0.9930,0.9930
MIL Barings Developed and Emerging Markets High Yield Bond Fund #,2019/03/12,USD,0.9950,0.9950
MIL Barings Developed and Emerging Markets High Yield Bond Fund #,2019/03/13,USD,0.9960,0.9960
MIL Barings Developed and Emerging Markets High Yield Bond Fund #,2019/03/14,USD,0.9990,0.9990
MIL Barings Developed and Emerging Markets High Yield Bond Fund #,2019/03/15,USD,1.0000,1.0000
MIL Barings Developed and Emerging Markets High Yield Bond Fund #,2019/03/18,USD,1.0000,1.0000
MIL Barings Developed and Emerging Markets High Yield Bond Fund #,2019/03/19,USD,1.0020,1.0020
MIL Barings Developed and Emerging Markets High Yield Bond Fund #,2019/03/20,USD,1.0030,1.0030
MIL Barings Developed and Emerging Markets High Yield Bond Fund #,2019/03/21,USD,1.0030,1.0030
MIL Barings Developed and Emerging Markets High Yield Bond Fund #,2019/03/22,USD,1.0030,1.0030
MIL Barings Developed and Emerging Markets High Yield Bond Fund #,2019/03/25,USD,1.0020,1.0020
MIL Barings Developed and Emerging Markets High Yield Bond Fund #,2019/03/26,USD,1.0010,1.0010
MIL Barings Developed and Emerging Markets High Yield Bond Fund #,2019/03/27,USD,1.0020,1.0020
MIL Barings Developed and Emerging Markets High Yield Bond Fund #,2019/03/28,USD,1.0020,1.0020
MIL Barings Developed and Emerging Markets High Yield Bond Fund #,2019/03/29,USD,1.0020,1.0020
MIL Barings Developed and Emerging Markets High Yield Bond Fund #,2019/04/01,USD,1.0050,1.0050
MIL Barings Developed and Emerging Markets High Yield Bond Fund #,2019/04/02,USD,1.0070,1.0070
MIL Barings Developed and Emerging Markets High Yield Bond Fund #,2019/04/03,USD,1.0090,1.0090
MIL Barings Developed and Emerging Markets High Yield Bond Fund #,2019/04/04,USD,1.0110,1.0110
MIL Barings Developed and Emerging Markets High Yield Bond Fund #,2019/04/08,USD,1.0120,1.0120
MIL Barings Developed and Emerging Markets High Yield Bond Fund #,2019/04/09,USD,1.0140,1.0140
MIL Barings Developed and Emerging Markets High Yield Bond Fund #,2019/04/10,USD,1.0140,1.0140
MIL Barings Developed and Emerging Markets High Yield Bond Fund #,2019/04/11,USD,1.0140,1.0140
MIL Barings Developed and Emerging Markets High Yield Bond Fund #,2019/04/12,USD,1.0150,1.0150
MIL Barings Developed and Emerging Markets High Yield Bond Fund #,2019/04/15,USD,1.0170,1.0170
MIL Barings Developed and Emerging Markets High Yield Bond Fund #,2019/04/16,USD,1.0170,1.0170
MIL Barings Developed and Emerging Markets High Yield Bond Fund #,2019/04/17,USD,1.0180,1.0180
MIL Barings Developed and Emerging Markets High Yield Bond Fund #,2019/04/18,USD,1.0180,1.0180
MIL Barings Developed and Emerging Markets High Yield Bond Fund #,2019/04/23,USD,1.0180,1.0180
MIL Barings Developed and Emerging Markets High Yield Bond Fund #,2019/04/24,USD,1.0190,1.0190
MIL Barings Developed and Emerging Markets High Yield Bond Fund #,2019/04/25,USD,1.0200,1.0200
MIL Barings Developed and Emerging Markets High Yield Bond Fund #,2019/04/26,USD,1.0190,1.0190
MIL Barings Developed and Emerging Markets High Yield Bond Fund #,2019/04/29,USD,1.0190,1.0190
MIL Barings Developed and Emerging Markets High Yield Bond Fund #,2019/04/30,USD,1.0200,1.0200
MIL Barings Developed and Emerging Markets High Yield Bond Fund #,2019/05/02,USD,1.0200,1.0200
MIL Barings Developed and Emerging Markets High Yield Bond Fund #,2019/05/03,USD,1.0180,1.0180
MIL Barings Developed and Emerging Markets High Yield Bond Fund #,2019/05/06,USD,1.0180,1.0180
MIL Barings Developed and Emerging Markets High Yield Bond Fund #,2019/05/07,USD,1.0180,1.0180
MIL Barings Developed and Emerging Markets High Yield Bond Fund #,2019/05/08,USD,1.0170,1.0170
MIL Barings Developed and Emerging Markets High Yield Bond Fund #,2019/05/09,USD,1.0160,1.0160
MIL Barings Developed and Emerging Markets High Yield Bond Fund #,2019/05/10,USD,1.0130,1.0130
MIL Barings Developed and Emerging Markets High Yield Bond Fund #,2019/05/14,USD,1.0100,1.0100
MIL Barings Developed and Emerging Markets High Yield Bond Fund #,2019/05/15,USD,1.0110,1.0110
MIL Barings Developed and Emerging Markets High Yield Bond Fund #,2019/05/16,USD,1.0110,1.0110
MIL Barings Developed and Emerging Markets High Yield Bond Fund #,2019/05/17,USD,1.0130,1.0130
MIL Barings Developed and Emerging Markets High Yield Bond Fund #,2019/05/20,USD,1.0120,1.0120
MIL Barings Developed and Emerging Markets High Yield Bond Fund #,2019/05/21,USD,1.0120,1.0120
MIL Barings Developed and Emerging Markets High Yield Bond Fund #,2019/05/22,USD,1.0130,1.0130
MIL Barings Developed and Emerging Markets High Yield Bond Fund #,2019/05/23,USD,1.0120,1.0120
MIL Barings Developed and Emerging Markets High Yield Bond Fund #,2019/05/24,USD,1.0100,1.0100
MIL Barings Developed and Emerging Markets High Yield Bond Fund #,2019/05/27,USD,1.0100,1.0100
MIL Barings Developed and Emerging Markets High Yield Bond Fund #,2019/05/28,USD,1.0100,1.0100
MIL Barings Developed and Emerging Markets High Yield Bond Fund #,2019/05/29,USD,1.0090,1.0090
MIL Barings Developed and Emerging Markets High Yield Bond Fund #,2019/05/30,USD,1.0070,1.0070
MIL Barings Developed and Emerging Markets High Yield Bond Fund #,2019/05/31,USD,1.0070,1.0070
MIL Barings Developed and Emerging Markets High Yield Bond Fund #,2019/06/03,USD,1.0060,1.0060
MIL Barings Developed and Emerging Markets High Yield Bond Fund #,2019/06/04,USD,1.0030,1.0030
MIL Barings Developed and Emerging Markets High Yield Bond Fund #,2019/06/05,USD,1.0060,1.0060
MIL Barings Developed and Emerging Markets High Yield Bond Fund #,2019/06/06,USD,1.0070,1.0070
MIL Barings Developed and Emerging Markets High Yield Bond Fund #,2019/06/10,USD,1.0110,1.0110
MIL Barings Developed and Emerging Markets High Yield Bond Fund #,2019/06/11,USD,1.0130,1.0130
MIL Barings Developed and Emerging Markets High Yield Bond Fund #,2019/06/12,USD,1.0140,1.0140
MIL Barings Developed and Emerging Markets High Yield Bond Fund #,2019/06/13,USD,1.0130,1.0130
MIL Barings Developed and Emerging Markets High Yield Bond Fund #,2019/06/14,USD,1.0140,1.0140
MIL Barings Developed and Emerging Markets High Yield Bond Fund #,2019/06/17,USD,1.0140,1.0140
MIL Barings Developed and Emerging Markets High Yield Bond Fund #,2019/06/18,USD,1.0140,1.0140
MIL Barings Developed and Emerging Markets High Yield Bond Fund #,2019/06/19,USD,1.0170,1.0170
MIL Barings Developed and Emerging Markets High Yield Bond Fund #,2019/06/20,USD,1.0200,1.0200
MIL Barings Developed and Emerging Markets High Yield Bond Fund #,2019/06/21,USD,1.0230,1.0230
MIL Barings Developed and Emerging Markets High Yield Bond Fund #,2019/06/24,USD,1.0230,1.0230
MIL Barings Developed and Emerging Markets High Yield Bond Fund #,2019/06/25,USD,1.0230,1.0230
MIL Barings Developed and Emerging Markets High Yield Bond Fund #,2019/06/26,USD,1.0220,1.0220
MIL Barings Developed and Emerging Markets High Yield Bond Fund #,2019/06/27,USD,1.0230,1.0230
MIL Barings Developed and Emerging Markets High Yield Bond Fund #,2019/06/28,USD,1.0230,1.0230
MIL Barings Developed and Emerging Markets High Yield Bond Fund #,2019/07/02,USD,1.0270,1.0270
MIL Barings Developed and Emerging Markets High Yield Bond Fund #,2019/07/03,USD,1.0280,1.0280
MIL Barings Developed and Emerging Markets High Yield Bond Fund #,2019/07/04,USD,1.0290,1.0290
MIL Barings Developed and Emerging Markets High Yield Bond Fund #,2019/07/05,USD,1.0280,1.0280
MIL Barings Developed and Emerging Markets High Yield Bond Fund #,2019/07/08,USD,1.0280,1.0280
MIL Barings Developed and Emerging Markets High Yield Bond Fund #,2019/07/09,USD,1.0270,1.0270
MIL Barings Developed and Emerging Markets High Yield Bond Fund #,2019/07/10,USD,1.0260,1.0260
MIL Barings Developed and Emerging Markets High Yield Bond Fund #,2019/07/11,USD,1.0270,1.0270
MIL Barings Developed and Emerging Markets High Yield Bond Fund #,2019/07/12,USD,1.0260,1.0260
MIL Barings Developed and Emerging Markets High Yield Bond Fund #,2019/07/15,USD,1.0260,1.0260
MIL Barings Developed and Emerging Markets High Yield Bond Fund #,2019/07/16,USD,1.0260,1.0260
MIL Barings Developed and Emerging Markets High Yield Bond Fund #,2019/07/17,USD,1.0270,1.0270
MIL Barings Developed and Emerging Markets High Yield Bond Fund #,2019/07/18,USD,1.0260,1.0260
MIL Barings Developed and Emerging Markets High Yield Bond Fund #,2019/07/19,USD,1.0240,1.0240
MIL Barings Developed and Emerging Markets High Yield Bond Fund #,2019/07/22,USD,1.0240,1.0240
MIL Barings Developed and Emerging Markets High Yield Bond Fund #,2019/07/23,USD,1.0250,1.0250
MIL Barings Developed and Emerging Markets High Yield Bond Fund #,2019/07/24,USD,1.0250,1.0250
MIL Barings Developed and Emerging Markets High Yield Bond Fund #,2019/07/25,USD,1.0270,1.0270
MIL Barings Developed and Emerging Markets High Yield Bond Fund #,2019/07/26,USD,1.0280,1.0280
MIL Barings Developed and Emerging Markets High Yield Bond Fund #,2019/07/29,USD,1.0290,1.0290
MIL Barings Developed and Emerging Markets High Yield Bond Fund #,2019/07/30,USD,1.0290,1.0290
MIL Barings Developed and Emerging Markets High Yield Bond Fund #,2019/07/31,USD,1.0280,1.0280
MIL Barings Developed and Emerging Markets High Yield Bond Fund #,2019/08/01,USD,1.0280,1.0280
MIL Barings Developed and Emerging Markets High Yield Bond Fund #,2019/08/02,USD,1.0290,1.0290
MIL Barings Developed and Emerging Markets High Yield Bond Fund #,2019/08/05,USD,1.0290,1.0290
MIL Barings Developed and Emerging Markets High Yield Bond Fund #,2019/08/06,USD,1.0200,1.0200
MIL Barings Developed and Emerging Markets High Yield Bond Fund #,2019/08/07,USD,1.0200,1.0200
MIL Barings Developed and Emerging Markets High Yield Bond Fund #,2019/08/08,USD,1.0190,1.0190
MIL Barings Developed and Emerging Markets High Yield Bond Fund #,2019/08/09,USD,1.0220,1.0220
MIL Barings Developed and Emerging Markets High Yield Bond Fund #,2019/08/12,USD,1.0220,1.0220
MIL Barings Developed and Emerging Markets High Yield Bond Fund #,2019/08/13,USD,1.0180,1.0180
MIL Barings Developed and Emerging Markets High Yield Bond Fund #,2019/08/14,USD,1.0180,1.0180
MIL Barings Developed and Emerging Markets High Yield Bond Fund #,2019/08/15,USD,1.0140,1.0140
MIL Barings Developed and Emerging Markets High Yield Bond Fund #,2019/08/16,USD,1.0150,1.0150
MIL Barings Developed and Emerging Markets High Yield Bond Fund #,2019/08/19,USD,1.0160,1.0160
MIL Barings Developed and Emerging Markets High Yield Bond Fund #,2019/08/20,USD,1.0180,1.0180
MIL Barings Developed and Emerging Markets High Yield Bond Fund #,2019/08/21,USD,1.0180,1.0180
MIL Barings Developed and Emerging Markets High Yield Bond Fund #,2019/08/22,USD,1.0210,1.0210
MIL Barings Developed and Emerging Markets High Yield Bond Fund #,2019/08/23,USD,1.0230,1.0230
MIL Barings Developed and Emerging Markets High Yield Bond Fund #,2019/08/26,USD,1.0220,1.0220
MIL Barings Developed and Emerging Markets High Yield Bond Fund #,2019/08/27,USD,1.0220,1.0220
MIL Barings Developed and Emerging Markets High Yield Bond Fund #,2019/08/28,USD,1.0230,1.0230
MIL Barings Developed and Emerging Markets High Yield Bond Fund #,2019/08/29,USD,1.0230,1.0230
MIL Barings Developed and Emerging Markets High Yield Bond Fund #,2019/08/30,USD,1.0240,1.0240
MIL Barings Developed and Emerging Markets High Yield Bond Fund #,2019/09/02,USD,1.0210,1.0210
MIL Barings Developed and Emerging Markets High Yield Bond Fund #,2019/09/03,USD,1.0210,1.0210
MIL Barings Developed and Emerging Markets High Yield Bond Fund #,2019/09/04,USD,1.0190,1.0190
MIL Barings Developed and Emerging Markets High Yield Bond Fund #,2019/09/05,USD,1.0210,1.0210
MIL Barings Developed and Emerging Markets High Yield Bond Fund #,2019/09/06,USD,1.0220,1.0220
MIL Barings Developed and Emerging Markets High Yield Bond Fund #,2019/09/09,USD,1.0230,1.0230
MIL Barings Developed and Emerging Markets High Yield Bond Fund #,2019/09/10,USD,1.0240,1.0240
MIL Barings Developed and Emerging Markets High Yield Bond Fund #,2019/09/11,USD,1.0240,1.0240
MIL Barings Developed and Emerging Markets High Yield Bond Fund #,2019/09/12,USD,1.0250,1.0250
MIL Barings Developed and Emerging Markets High Yield Bond Fund #,2019/09/13,USD,1.0260,1.0260
MIL Barings Developed and Emerging Markets High Yield Bond Fund #,2019/09/16,USD,1.0260,1.0260
MIL Barings Developed and Emerging Markets High Yield Bond Fund #,2019/09/17,USD,1.0270,1.0270
MIL Barings Developed and Emerging Markets High Yield Bond Fund #,2019/09/18,USD,1.0270,1.0270
MIL Barings Developed and Emerging Markets High Yield Bond Fund #,2019/09/19,USD,1.0280,1.0280
MIL Barings Developed and Emerging Markets High Yield Bond Fund #,2019/09/20,USD,1.0290,1.0290
MIL Barings Developed and Emerging Markets High Yield Bond Fund #,2019/09/23,USD,1.0290,1.0290
MIL Barings Developed and Emerging Markets High Yield Bond Fund #,2019/09/24,USD,1.0290,1.0290
MIL Barings Developed and Emerging Markets High Yield Bond Fund #,2019/09/25,USD,1.0270,1.0270
MIL Barings Developed and Emerging Markets High Yield Bond Fund #,2019/09/26,USD,1.0260,1.0260
MIL Barings Developed and Emerging Markets High Yield Bond Fund #,2019/09/27,USD,1.0260,1.0260
MIL Barings Developed and Emerging Markets High Yield Bond Fund #,2019/09/30,USD,1.0250,1.0250
MIL Barings Developed and Emerging Markets High Yield Bond Fund #,2019/10/02,USD,1.0250,1.0250
MIL Barings Developed and Emerging Markets High Yield Bond Fund #,2019/10/03,USD,1.0230,1.0230
MIL Barings Developed and Emerging Markets High Yield Bond Fund #,2019/10/04,USD,1.0210,1.0210
MIL Barings Developed and Emerging Markets High Yield Bond Fund #,2019/10/08,USD,1.0220,1.0220
MIL Barings Developed and Emerging Markets High Yield Bond Fund #,2019/10/09,USD,1.0200,1.0200
MIL Barings Developed and Emerging Markets High Yield Bond Fund #,2019/10/10,USD,1.0200,1.0200
MIL Barings Developed and Emerging Markets High Yield Bond Fund #,2019/10/11,USD,1.0220,1.0220
MIL Barings Developed and Emerging Markets High Yield Bond Fund #,2019/10/14,USD,1.0230,1.0230
MIL Barings Developed and Emerging Markets High Yield Bond Fund #,2019/10/15,USD,1.0230,1.0230
MIL Barings Developed and Emerging Markets High Yield Bond Fund #,2019/10/16,USD,1.0250,1.0250
MIL Barings Developed and Emerging Markets High Yield Bond Fund #,2019/10/17,USD,1.0250,1.0250
MIL Barings Developed and Emerging Markets High Yield Bond Fund #,2019/10/18,USD,1.0260,1.0260
MIL Barings Developed and Emerging Markets High Yield Bond Fund #,2019/10/21,USD,1.0270,1.0270
MIL Barings Developed and Emerging Markets High Yield Bond Fund #,2019/10/22,USD,1.0270,1.0270
MIL Barings Developed and Emerging Markets High Yield Bond Fund #,2019/10/23,USD,1.0280,1.0280
MIL Barings Developed and Emerging Markets High Yield Bond Fund #,2019/10/24,USD,1.0280,1.0280
MIL Barings Developed and Emerging Markets High Yield Bond Fund #,2019/10/25,USD,1.0280,1.0280
MIL Barings Developed and Emerging Markets High Yield Bond Fund #,2019/10/28,USD,1.0280,1.0280
MIL Barings Developed and Emerging Markets High Yield Bond Fund #,2019/10/29,USD,1.0290,1.0290
MIL Barings Developed and Emerging Markets High Yield Bond Fund #,2019/10/30,USD,1.0300,1.0300
MIL Barings Developed and Emerging Markets High Yield Bond Fund #,2019/10/31,USD,1.0290,1.0290
MIL Barings Developed and Emerging Markets High Yield Bond Fund #,2019/11/01,USD,1.0280,1.0280
MIL Barings Developed and Emerging Markets High Yield Bond Fund #,2019/11/04,USD,1.0300,1.0300
MIL Barings Developed and Emerging Markets High Yield Bond Fund #,2019/11/05,USD,1.0300,1.0300
MIL Barings Developed and Emerging Markets High Yield Bond Fund #,2019/11/06,USD,1.0300,1.0300
MIL Barings Developed and Emerging Markets High Yield Bond Fund #,2019/11/07,USD,1.0290,1.0290
MIL Barings Developed and Emerging Markets High Yield Bond Fund #,2019/11/08,USD,1.0300,1.0300
MIL Barings Developed and Emerging Markets High Yield Bond Fund #,2019/11/11,USD,1.0290,1.0290
MIL Barings Developed and Emerging Markets High Yield Bond Fund #,2019/11/12,USD,1.0300,1.0300
MIL Barings Developed and Emerging Markets High Yield Bond Fund #,2019/11/13,USD,1.0290,1.0290
MIL Barings Developed and Emerging Markets High Yield Bond Fund #,2019/11/14,USD,1.0280,1.0280
MIL Barings Developed and Emerging Markets High Yield Bond Fund #,2019/11/15,USD,1.0280,1.0280
MIL Barings Developed and Emerging Markets High Yield Bond Fund #,2019/11/18,USD,1.0280,1.0280
MIL Barings Developed and Emerging Markets High Yield Bond Fund #,2019/11/19,USD,1.0280,1.0280
MIL Barings Developed and Emerging Markets High Yield Bond Fund #,2019/11/20,USD,1.0280,1.0280
MIL Barings Developed and Emerging Markets High Yield Bond Fund #,2019/11/21,USD,1.0270,1.0270
MIL Barings Developed and Emerging Markets High Yield Bond Fund #,2019/11/22,USD,1.0270,1.0270
MIL Barings Developed and Emerging Markets High Yield Bond Fund #,2019/11/25,USD,1.0280,1.0280
MIL Barings Developed and Emerging Markets High Yield Bond Fund #,2019/11/26,USD,1.0290,1.0290
MIL Barings Developed and Emerging Markets High Yield Bond Fund #,2019/11/27,USD,1.0310,1.0310
MIL Barings Developed and Emerging Markets High Yield Bond Fund #,2019/11/28,USD,1.0320,1.0320
MIL Barings Developed and Emerging Markets High Yield Bond Fund #,2019/11/29,USD,1.0320,1.0320
MIL Barings Developed and Emerging Markets High Yield Bond Fund #,2019/12/02,USD,1.0320,1.0320
MIL Barings Developed and Emerging Markets High Yield Bond Fund #,2019/12/03,USD,1.0320,1.0320
MIL Barings Developed and Emerging Markets High Yield Bond Fund #,2019/12/04,USD,1.0320,1.0320
MIL Barings Developed and Emerging Markets High Yield Bond Fund #,2019/12/05,USD,1.0340,1.0340
MIL Barings Developed and Emerging Markets High Yield Bond Fund #,2019/12/06,USD,1.0350,1.0350
MIL Barings Developed and Emerging Markets High Yield Bond Fund #,2019/12/09,USD,1.0370,1.0370
MIL Barings Developed and Emerging Markets High Yield Bond Fund #,2019/12/10,USD,1.0370,1.0370
MIL Barings Developed and Emerging Markets High Yield Bond Fund #,2019/12/11,USD,1.0370,1.0370
MIL Barings Developed and Emerging Markets High Yield Bond Fund #,2019/12/12,USD,1.0380,1.0380
MIL Barings Developed and Emerging Markets High Yield Bond Fund #,2019/12/13,USD,1.0420,1.0420
MIL Barings Developed and Emerging Markets High Yield Bond Fund #,2019/12/16,USD,1.0430,1.0430
MIL Barings Developed and Emerging Markets High Yield Bond Fund #,2019/12/17,USD,1.0460,1.0460
MIL Barings Developed and Emerging Markets High Yield Bond Fund #,2019/12/18,USD,1.0470,1.0470
MIL Barings Developed and Emerging Markets High Yield Bond Fund #,2019/12/19,USD,1.0490,1.0490
MIL Barings Developed and Emerging Markets High Yield Bond Fund #,2019/12/20,USD,1.0500,1.0500
MIL Barings Developed and Emerging Markets High Yield Bond Fund #,2019/12/23,USD,1.0500,1.0500
MIL Barings Developed and Emerging Markets High Yield Bond Fund #,2019/12/24,USD,1.0500,1.0500
MIL Barings Developed and Emerging Markets High Yield Bond Fund #,2019/12/27,USD,1.0500,1.0500
MIL Barings Developed and Emerging Markets High Yield Bond Fund #,2019/12/30,USD,1.0510,1.0510
MIL Barings Developed and Emerging Markets High Yield Bond Fund #,2019/12/31,USD,1.0510,1.0510
MIL Barings Developed and Emerging Markets High Yield Bond Fund #,2020/01/02,USD,1.0520,1.0520
MIL Barings Developed and Emerging Markets High Yield Bond Fund #,2020/01/03,USD,1.0530,1.0530
MIL Barings Developed and Emerging Markets High Yield Bond Fund #,2020/01/06,USD,1.0530,1.0530
MIL Barings Developed and Emerging Markets High Yield Bond Fund #,2020/01/07,USD,1.0540,1.0540
MIL Barings Developed and Emerging Markets High Yield Bond Fund #,2020/01/08,USD,1.0540,1.0540
MIL Barings Developed and Emerging Markets High Yield Bond Fund #,2020/01/09,USD,1.0540,1.0540
MIL Barings Developed and Emerging Markets High Yield Bond Fund #,2020/01/10,USD,1.0550,1.0550
MIL Barings Developed and Emerging Markets High Yield Bond Fund #,2020/01/13,USD,1.0560,1.0560
MIL Barings Developed and Emerging Markets High Yield Bond Fund #,2020/01/14,USD,1.0570,1.0570
MIL Barings Developed and Emerging Markets High Yield Bond Fund #,2020/01/15,USD,1.0570,1.0570
MIL Barings Developed and Emerging Markets High Yield Bond Fund #,2020/01/16,USD,1.0580,1.0580
MIL Barings Developed and Emerging Markets High Yield Bond Fund #,2020/01/17,USD,1.0590,1.0590
MIL Barings Developed and Emerging Markets High Yield Bond Fund #,2020/01/20,USD,1.0600,1.0600
MIL Barings Developed and Emerging Markets High Yield Bond Fund #,2020/01/21,USD,1.0600,1.0600
MIL Barings Developed and Emerging Markets High Yield Bond Fund #,2020/01/22,USD,1.0600,1.0600
MIL Barings Developed and Emerging Markets High Yield Bond Fund #,2020/01/23,USD,1.0600,1.0600
MIL Barings Developed and Emerging Markets High Yield Bond Fund #,2020/01/24,USD,1.0590,1.0590
MIL Barings Developed and Emerging Markets High Yield Bond Fund #,2020/01/29,USD,1.0550,1.0550
MIL Barings Developed and Emerging Markets High Yield Bond Fund #,2020/01/30,USD,1.0560,1.0560
MIL Barings Developed and Emerging Markets High Yield Bond Fund #,2020/01/31,USD,1.0540,1.0540
MIL Barings Developed and Emerging Markets High Yield Bond Fund #,2020/02/03,USD,1.0540,1.0540
MIL Barings Developed and Emerging Markets High Yield Bond Fund #,2020/02/04,USD,1.0540,1.0540
MIL Barings Developed and Emerging Markets High Yield Bond Fund #,2020/02/05,USD,1.0570,1.0570
MIL Barings Developed and Emerging Markets High Yield Bond Fund #,2020/02/06,USD,1.0610,1.0610
MIL Barings Developed and Emerging Markets High Yield Bond Fund #,2020/02/07,USD,1.0630,1.0630
MIL Barings Developed and Emerging Markets High Yield Bond Fund #,2020/02/10,USD,1.0620,1.0620
MIL Barings Developed and Emerging Markets High Yield Bond Fund #,2020/02/11,USD,1.0630,1.0630
MIL Barings Developed and Emerging Markets High Yield Bond Fund #,2020/02/12,USD,1.0660,1.0660
MIL Barings Developed and Emerging Markets High Yield Bond Fund #,2020/02/13,USD,1.0670,1.0670
MIL Barings Developed and Emerging Markets High Yield Bond Fund #,2020/02/14,USD,1.0670,1.0670
MIL Barings Developed and Emerging Markets High Yield Bond Fund #,2020/02/17,USD,1.0680,1.0680
MIL Barings Developed and Emerging Markets High Yield Bond Fund #,2020/02/18,USD,1.0680,1.0680
MIL Barings Developed and Emerging Markets High Yield Bond Fund #,2020/02/19,USD,1.0670,1.0670
MIL Barings Developed and Emerging Markets High Yield Bond Fund #,2020/02/20,USD,1.0690,1.0690
MIL Barings Developed and Emerging Markets High Yield Bond Fund #,2020/02/21,USD,1.0680,1.0680
MIL Barings Developed and Emerging Markets High Yield Bond Fund #,2020/02/24,USD,1.0670,1.0670
MIL Barings Developed and Emerging Markets High Yield Bond Fund #,2020/02/25,USD,1.0600,1.0600
MIL Barings Developed and Emerging Markets High Yield Bond Fund #,2020/02/26,USD,1.0560,1.0560
MIL Barings Developed and Emerging Markets High Yield Bond Fund #,2020/02/27,USD,1.0520,1.0520
MIL Barings Developed and Emerging Markets High Yield Bond Fund #,2020/02/28,USD,1.0400,1.0400
MIL Barings Developed and Emerging Markets High Yield Bond Fund #,2020/03/02,USD,1.0340,1.0340
MIL Barings Developed and Emerging Markets High Yield Bond Fund #,2020/03/03,USD,1.0370,1.0370
MIL Barings Developed and Emerging Markets High Yield Bond Fund #,2020/03/04,USD,1.0410,1.0410
MIL Barings Developed and Emerging Markets High Yield Bond Fund #,2020/03/05,USD,1.0420,1.0420
MIL Barings Developed and Emerging Markets High Yield Bond Fund #,2020/03/06,USD,1.0340,1.0340
MIL Barings Developed and Emerging Markets High Yield Bond Fund #,2020/03/09,USD,1.0140,1.0140
MIL Barings Developed and Emerging Markets High Yield Bond Fund #,2020/03/10,USD,0.9860,0.9860
MIL Barings Developed and Emerging Markets High Yield Bond Fund #,2020/03/11,USD,0.9820,0.9820
MIL Barings Developed and Emerging Markets High Yield Bond Fund #,2020/03/12,USD,0.9640,0.9640
MIL Barings Developed and Emerging Markets High Yield Bond Fund #,2020/03/13,USD,0.9340,0.9340
MIL Barings Developed and Emerging Markets High Yield Bond Fund #,2020/03/16,USD,0.9250,0.9250
MIL Barings Developed and Emerging Markets High Yield Bond Fund #,2020/03/17,USD,0.9250,0.9250
MIL Barings Developed and Emerging Markets High Yield Bond Fund #,2020/03/18,USD,0.8770,0.8770
MIL Barings Developed and Emerging Markets High Yield Bond Fund #,2020/03/19,USD,0.8420,0.8420
MIL Barings Developed and Emerging Markets High Yield Bond Fund #,2020/03/20,USD,0.8210,0.8210
MIL Barings Developed and Emerging Markets High Yield Bond Fund #,2020/03/23,USD,0.8160,0.8160
MIL Barings Developed and Emerging Markets High Yield Bond Fund #,2020/03/24,USD,0.8020,0.8020
MIL Barings Developed and Emerging Markets High Yield Bond Fund #,2020/03/25,USD,0.8120,0.8120
MIL Barings Developed and Emerging Markets High Yield Bond Fund #,2020/03/26,USD,0.8240,0.8240
MIL Barings Developed and Emerging Markets High Yield Bond Fund #,2020/03/27,USD,0.8480,0.8480
MIL Barings Developed and Emerging Markets High Yield Bond Fund #,2020/03/30,USD,0.8550,0.8550
MIL Barings Developed and Emerging Markets High Yield Bond Fund #,2020/03/31,USD,0.8590,0.8590
MIL Barings Developed and Emerging Markets High Yield Bond Fund #,2020/04/01,USD,0.8610,0.8610
MIL Barings Developed and Emerging Markets High Yield Bond Fund #,2020/04/02,USD,0.8550,0.8550
MIL Barings Developed and Emerging Markets High Yield Bond Fund #,2020/04/03,USD,0.8530,0.8530
MIL Barings Developed and Emerging Markets High Yield Bond Fund #,2020/04/06,USD,0.8500,0.8500
MIL Barings Developed and Emerging Markets High Yield Bond Fund #,2020/04/07,USD,0.8530,0.8530
MIL Barings Developed and Emerging Markets High Yield Bond Fund #,2020/04/08,USD,0.8600,0.8600
MIL Barings Developed and Emerging Markets High Yield Bond Fund #,2020/04/09,USD,0.8610,0.8610
MIL Barings Developed and Emerging Markets High Yield Bond Fund #,2020/04/14,USD,0.8910,0.8910
MIL Barings Developed and Emerging Markets High Yield Bond Fund #,2020/04/15,USD,0.9000,0.9000
MIL Barings Developed and Emerging Markets High Yield Bond Fund #,2020/04/16,USD,0.8990,0.8990
MIL Barings Developed and Emerging Markets High Yield Bond Fund #,2020/04/17,USD,0.9010,0.9010
MIL Barings Developed and Emerging Markets High Yield Bond Fund #,2020/04/20,USD,0.9060,0.9060
MIL Barings Developed and Emerging Markets High Yield Bond Fund #,2020/04/21,USD,0.9030,0.9030
MIL Barings Developed and Emerging Markets High Yield Bond Fund #,2020/04/22,USD,0.8950,0.8950
MIL Barings Developed and Emerging Markets High Yield Bond Fund #,2020/04/23,USD,0.8960,0.8960
MIL Barings Developed and Emerging Markets High Yield Bond Fund #,2020/04/24,USD,0.8950,0.8950
MIL Barings Developed and Emerging Markets High Yield Bond Fund #,2020/04/27,USD,0.8930,0.8930
MIL Barings Developed and Emerging Markets High Yield Bond Fund #,2020/04/28,USD,0.8890,0.8890
MIL Barings Developed and Emerging Markets High Yield Bond Fund #,2020/04/29,USD,0.8900,0.8900
MIL Barings Developed and Emerging Markets High Yield Bond Fund #,2020/05/04,USD,0.8900,0.8900
MIL Barings Developed and Emerging Markets High Yield Bond Fund #,2020/05/05,USD,0.8920,0.8920
MIL Barings Developed and Emerging Markets High Yield Bond Fund #,2020/05/06,USD,0.8950,0.8950
MIL Barings Developed and Emerging Markets High Yield Bond Fund #,2020/05/07,USD,0.8970,0.8970
MIL Barings Developed and Emerging Markets High Yield Bond Fund #,2020/05/08,USD,0.8970,0.8970
MIL Barings Developed and Emerging Markets High Yield Bond Fund #,2020/05/11,USD,0.9020,0.9020
MIL Barings Developed and Emerging Markets High Yield Bond Fund #,2020/05/12,USD,0.9030,0.9030
MIL Barings Developed and Emerging Markets High Yield Bond Fund #,2020/05/13,USD,0.9060,0.9060
MIL Barings Developed and Emerging Markets High Yield Bond Fund #,2020/05/14,USD,0.9020,0.9020
MIL Barings Developed and Emerging Markets High Yield Bond Fund #,2020/05/15,USD,0.8990,0.8990
MIL Barings Developed and Emerging Markets High Yield Bond Fund #,2020/05/18,USD,0.9000,0.9000
MIL Barings Developed and Emerging Markets High Yield Bond Fund #,2020/05/19,USD,0.9070,0.9070
MIL Barings Developed and Emerging Markets High Yield Bond Fund #,2020/05/20,USD,0.9110,0.9110
MIL Barings Developed and Emerging Markets High Yield Bond Fund #,2020/05/21,USD,0.9150,0.9150
MIL Barings Developed and Emerging Markets High Yield Bond Fund #,2020/05/22,USD,0.9190,0.9190
MIL Barings Developed and Emerging Markets High Yield Bond Fund #,2020/05/25,USD,0.9180,0.9180
MIL Barings Developed and Emerging Markets High Yield Bond Fund #,2020/05/26,USD,0.9200,0.9200
MIL Barings Developed and Emerging Markets High Yield Bond Fund #,2020/05/27,USD,0.9280,0.9280
MIL Barings Developed and Emerging Markets High Yield Bond Fund #,2020/05/28,USD,0.9310,0.9310
MIL Barings Developed and Emerging Markets High Yield Bond Fund #,2020/05/29,USD,0.9380,0.9380
MIL Barings Developed and Emerging Markets High Yield Bond Fund #,2020/06/01,USD,S,S
MIL Barings Developed and Emerging Markets High Yield Bond Fund #,2020/06/02,USD,0.9420,0.9420
MIL Barings Developed and Emerging Markets High Yield Bond Fund #,2020/06/03,USD,0.9500,0.9500
MIL Barings Developed and Emerging Markets High Yield Bond Fund #,2020/06/04,USD,0.9570,0.9570
MIL Barings Developed and Emerging Markets High Yield Bond Fund #,2020/06/05,USD,0.9630,0.9630
MIL Barings Developed and Emerging Markets High Yield Bond Fund #,2020/06/08,USD,0.9740,0.9740
MIL Barings Developed and Emerging Markets High Yield Bond Fund #,2020/06/09,USD,0.9790,0.9790
MIL Barings Developed and Emerging Markets High Yield Bond Fund #,2020/06/10,USD,0.9790,0.9790
MIL Barings Developed and Emerging Markets High Yield Bond Fund #,2020/06/11,USD,0.9750,0.9750
MIL Barings Developed and Emerging Markets High Yield Bond Fund #,2020/06/12,USD,0.9650,0.9650
MIL Barings Developed and Emerging Markets High Yield Bond Fund #,2020/06/15,USD,0.9650,0.9650
MIL Barings Developed and Emerging Markets High Yield Bond Fund #,2020/06/16,USD,0.9660,0.9660
MIL Barings Developed and Emerging Markets High Yield Bond Fund #,2020/06/17,USD,0.9750,0.9750
MIL Barings Developed and Emerging Markets High Yield Bond Fund #,2020/06/18,USD,0.9760,0.9760
MIL Barings Developed and Emerging Markets High Yield Bond Fund #,2020/06/19,USD,0.9750,0.9750
MIL Barings Developed and Emerging Markets High Yield Bond Fund #,2020/06/22,USD,0.9760,0.9760
MIL Barings Developed and Emerging Markets High Yield Bond Fund #,2020/06/23,USD,0.9750,0.9750
MIL Barings Developed and Emerging Markets High Yield Bond Fund #,2020/06/24,USD,0.9770,0.9770
MIL Barings Developed and Emerging Markets High Yield Bond Fund #,2020/06/26,USD,0.9710,0.9710
MIL Barings Developed and Emerging Markets High Yield Bond Fund #,2020/06/29,USD,0.9690,0.9690
MIL Barings Developed and Emerging Markets High Yield Bond Fund #,2020/06/30,USD,0.9660,0.9660
MIL Barings Developed and Emerging Markets High Yield Bond Fund #,2020/07/02,USD,0.9680,0.9680
MIL Barings Developed and Emerging Markets High Yield Bond Fund #,2020/07/03,USD,0.9700,0.9700
MIL Barings Developed and Emerging Markets High Yield Bond Fund #,2020/07/06,USD,0.9710,0.9710
MIL Barings Developed and Emerging Markets High Yield Bond Fund #,2020/07/07,USD,0.9740,0.9740
MIL Barings Developed and Emerging Markets High Yield Bond Fund #,2020/07/08,USD,0.9750,0.9750
MIL Barings Developed and Emerging Markets High Yield Bond Fund #,2020/07/09,USD,0.9750,0.9750
MIL Barings Developed and Emerging Markets High Yield Bond Fund #,2020/07/10,USD,0.9740,0.9740
MIL Barings Developed and Emerging Markets High Yield Bond Fund #,2020/07/13,USD,0.9730,0.9730
MIL Barings Developed and Emerging Markets High Yield Bond Fund #,2020/07/14,USD,0.9740,0.9740
MIL Barings Developed and Emerging Markets High Yield Bond Fund #,2020/07/15,USD,0.9720,0.9720
MIL Barings Developed and Emerging Markets High Yield Bond Fund #,2020/07/16,USD,0.9770,0.9770
MIL Barings Developed and Emerging Markets High Yield Bond Fund #,2020/07/17,USD,0.9750,0.9750
MIL Barings Developed and Emerging Markets High Yield Bond Fund #,2020/07/20,USD,0.9770,0.9770
MIL Barings Developed and Emerging Markets High Yield Bond Fund #,2020/07/21,USD,0.9810,0.9810
MIL Barings Developed and Emerging Markets High Yield Bond Fund #,2020/07/22,USD,0.9850,0.9850
MIL Barings Developed and Emerging Markets High Yield Bond Fund #,2020/07/23,USD,0.9890,0.9890
MIL Barings Developed and Emerging Markets High Yield Bond Fund #,2020/07/24,USD,0.9880,0.9880
MIL Barings Developed and Emerging Markets High Yield Bond Fund #,2020/07/27,USD,0.9900,0.9900
MIL Barings Developed and Emerging Markets High Yield Bond Fund #,2020/07/28,USD,0.9890,0.9890
MIL Barings Developed and Emerging Markets High Yield Bond Fund #,2020/07/29,USD,0.9900,0.9900
MIL Barings Developed and Emerging Markets High Yield Bond Fund #,2020/07/30,USD,0.9910,0.9910
MIL Barings Developed and Emerging Markets High Yield Bond Fund #,2020/07/31,USD,0.9930,0.9930
MIL Barings Developed and Emerging Markets High Yield Bond Fund #,2020/08/03,USD,S,S
MIL Barings Developed and Emerging Markets High Yield Bond Fund #,2020/08/04,USD,0.9950,0.9950
MIL Barings Developed and Emerging Markets High Yield Bond Fund #,2020/08/05,USD,0.9980,0.9980
MIL Barings Developed and Emerging Markets High Yield Bond Fund #,2020/08/06,USD,1.0000,1.0000
MIL Barings Developed and Emerging Markets High Yield Bond Fund #,2020/08/07,USD,1.0010,1.0010
MIL Barings Developed and Emerging Markets High Yield Bond Fund #,2020/08/10,USD,1.0020,1.0020
MIL Barings Developed and Emerging Markets High Yield Bond Fund #,2020/08/11,USD,1.0030,1.0030
MIL Barings Developed and Emerging Markets High Yield Bond Fund #,2020/08/12,USD,1.0040,1.0040
MIL Barings Developed and Emerging Markets High Yield Bond Fund #,2020/08/13,USD,1.0050,1.0050
MIL Barings Developed and Emerging Markets High Yield Bond Fund #,2020/08/14,USD,1.0030,1.0030
MIL Barings Developed and Emerging Markets High Yield Bond Fund #,2020/08/17,USD,1.0020,1.0020
MIL Barings Developed and Emerging Markets High Yield Bond Fund #,2020/08/18,USD,1.0000,1.0000
MIL Barings Developed and Emerging Markets High Yield Bond Fund #,2020/08/19,USD,1.0010,1.0010
MIL Barings Developed and Emerging Markets High Yield Bond Fund #,2020/08/20,USD,1.0010,1.0010
MIL Barings Developed and Emerging Markets High Yield Bond Fund #,2020/08/21,USD,1.0000,1.0000
MIL Barings Developed and Emerging Markets High Yield Bond Fund #,2020/08/24,USD,1.0010,1.0010
MIL Barings Developed and Emerging Markets High Yield Bond Fund #,2020/08/25,USD,1.0040,1.0040
MIL Barings Developed and Emerging Markets High Yield Bond Fund #,2020/08/26,USD,1.0070,1.0070
MIL Barings Developed and Emerging Markets High Yield Bond Fund #,2020/08/27,USD,1.0070,1.0070
MIL Barings Developed and Emerging Markets High Yield Bond Fund #,2020/08/28,USD,1.0070,1.0070
MIL Barings Developed and Emerging Markets High Yield Bond Fund #,2020/08/31,USD,S,S
MIL Barings Developed and Emerging Markets High Yield Bond Fund #,2020/09/01,USD,1.0080,1.0080
MIL Barings Developed and Emerging Markets High Yield Bond Fund #,2020/09/02,USD,1.0110,1.0110
MIL Barings Developed and Emerging Markets High Yield Bond Fund #,2020/09/03,USD,1.0140,1.0140
MIL Barings Developed and Emerging Markets High Yield Bond Fund #,2020/09/04,USD,1.0120,1.0120
MIL Barings Developed and Emerging Markets High Yield Bond Fund #,2020/09/07,USD,1.0100,1.0100
MIL Barings Developed and Emerging Markets High Yield Bond Fund #,2020/09/08,USD,1.0110,1.0110
MIL Barings Developed and Emerging Markets High Yield Bond Fund #,2020/09/09,USD,1.0080,1.0080
MIL Barings Developed and Emerging Markets High Yield Bond Fund #,2020/09/10,USD,1.0080,1.0080
MIL Barings Developed and Emerging Markets High Yield Bond Fund #,2020/09/11,USD,1.0070,1.0070
MIL Barings Developed and Emerging Markets High Yield Bond Fund #,2020/09/14,USD,1.0060,1.0060
MIL Barings Developed and Emerging Markets High Yield Bond Fund #,2020/09/15,USD,1.0060,1.0060
MIL Barings Developed and Emerging Markets High Yield Bond Fund #,2020/09/16,USD,1.0080,1.0080
MIL Barings Developed and Emerging Markets High Yield Bond Fund #,2020/09/17,USD,1.0080,1.0080
MIL Barings Developed and Emerging Markets High Yield Bond Fund #,2020/09/18,USD,1.0070,1.0070
MIL Barings Developed and Emerging Markets High Yield Bond Fund #,2020/09/21,USD,1.0080,1.0080
MIL Barings Developed and Emerging Markets High Yield Bond Fund #,2020/09/22,USD,1.0010,1.0010
MIL Barings Developed and Emerging Markets High Yield Bond Fund #,2020/09/23,USD,1.0000,1.0000
MIL Barings Developed and Emerging Markets High Yield Bond Fund #,2020/09/24,USD,0.9970,0.9970
MIL Barings Developed and Emerging Markets High Yield Bond Fund #,2020/09/25,USD,0.9910,0.9910
MIL Barings Developed and Emerging Markets High Yield Bond Fund #,2020/09/28,USD,0.9910,0.9910
MIL Barings Developed and Emerging Markets High Yield Bond Fund #,2020/09/29,USD,0.9930,0.9930
MIL Barings Developed and Emerging Markets High Yield Bond Fund #,2020/09/30,USD,0.9930,0.9930
MIL Barings Developed and Emerging Markets High Yield Bond Fund #,2020/10/05,USD,0.9930,0.9930
MIL Barings Developed and Emerging Markets High Yield Bond Fund #,2020/10/06,USD,0.9950,0.9950
MIL Barings Developed and Emerging Markets High Yield Bond Fund #,2020/10/07,USD,0.9970,0.9970
MIL Barings Developed and Emerging Markets High Yield Bond Fund #,2020/10/08,USD,0.9990,0.9990
MIL Barings Developed and Emerging Markets High Yield Bond Fund #,2020/10/09,USD,1.0020,1.0020
MIL Barings Developed and Emerging Markets High Yield Bond Fund #,2020/10/12,USD,1.0040,1.0040
MIL Barings Developed and Emerging Markets High Yield Bond Fund #,2020/10/14,USD,1.0040,1.0040
MIL Barings Developed and Emerging Markets High Yield Bond Fund #,2020/10/15,USD,1.0040,1.0040
MIL Barings Developed and Emerging Markets High Yield Bond Fund #,2020/10/16,USD,1.0010,1.0010
MIL Barings Developed and Emerging Markets High Yield Bond Fund #,2020/10/19,USD,1.0030,1.0030
MIL Barings Developed and Emerging Markets High Yield Bond Fund #,2020/10/20,USD,1.0030,1.0030
MIL Barings Developed and Emerging Markets High Yield Bond Fund #,2020/10/21,USD,1.0040,1.0040
MIL Barings Developed and Emerging Markets High Yield Bond Fund #,2020/10/22,USD,1.0050,1.0050
MIL Barings Developed and Emerging Markets High Yield Bond Fund #,2020/10/23,USD,1.0040,1.0040
MIL Barings Developed and Emerging Markets High Yield Bond Fund #,2020/10/27,USD,1.0020,1.0020
MIL Barings Developed and Emerging Markets High Yield Bond Fund #,2020/10/28,USD,1.0000,1.0000
MIL Barings Developed and Emerging Markets High Yield Bond Fund #,2020/10/29,USD,0.9940,0.9940
MIL Barings Developed and Emerging Markets High Yield Bond Fund #,2020/10/30,USD,0.9950,0.9950
MIL Barings Developed and Emerging Markets High Yield Bond Fund #,2020/11/02,USD,0.9940,0.9940
MIL Barings Developed and Emerging Markets High Yield Bond Fund #,2020/11/03,USD,0.9950,0.9950
MIL Barings Developed and Emerging Markets High Yield Bond Fund #,2020/11/04,USD,0.9990,0.9990
MIL Barings Developed and Emerging Markets High Yield Bond Fund #,2020/11/05,USD,1.0070,1.0070
MIL Barings Developed and Emerging Markets High Yield Bond Fund #,2020/11/06,USD,1.0130,1.0130
MIL Barings Developed and Emerging Markets High Yield Bond Fund #,2020/11/09,USD,1.0130,1.0130
MIL Barings Developed and Emerging Markets High Yield Bond Fund #,2020/11/10,USD,1.0260,1.0260
MIL Barings Developed and Emerging Markets High Yield Bond Fund #,2020/11/11,USD,1.0260,1.0260
MIL Barings Developed and Emerging Markets High Yield Bond Fund #,2020/11/12,USD,1.0270,1.0270
MIL Barings Developed and Emerging Markets High Yield Bond Fund #,2020/11/13,USD,1.0260,1.0260
MIL Barings Developed and Emerging Markets High Yield Bond Fund #,2020/11/16,USD,1.0260,1.0260
MIL Barings Developed and Emerging Markets High Yield Bond Fund #,2020/11/17,USD,1.0310,1.0310
MIL Barings Developed and Emerging Markets High Yield Bond Fund #,2020/11/18,USD,1.0320,1.0320
MIL Barings Developed and Emerging Markets High Yield Bond Fund #,2020/11/19,USD,1.0350,1.0350
MIL Barings Developed and Emerging Markets High Yield Bond Fund #,2020/11/20,USD,1.0360,1.0360
MIL Barings Developed and Emerging Markets High Yield Bond Fund #,2020/11/23,USD,1.0380,1.0380
MIL Barings Developed and Emerging Markets High Yield Bond Fund #,2020/11/24,USD,1.0410,1.0410
MIL Barings Developed and Emerging Markets High Yield Bond Fund #,2020/11/25,USD,1.0450,1.0450
MIL Barings Developed and Emerging Markets High Yield Bond Fund #,2020/11/26,USD,1.0470,1.0470
MIL Barings Developed and Emerging Markets High Yield Bond Fund #,2020/11/27,USD,1.0480,1.0480
MIL Barings Developed and Emerging Markets High Yield Bond Fund #,2020/11/30,USD,1.0490,1.0490
MIL Barings Developed and Emerging Markets High Yield Bond Fund #,2020/12/01,USD,1.0510,1.0510
MIL Barings Developed and Emerging Markets High Yield Bond Fund #,2020/12/02,USD,1.0530,1.0530
MIL Barings Developed and Emerging Markets High Yield Bond Fund #,2020/12/03,USD,1.0530,1.0530
MIL Barings Developed and Emerging Markets High Yield Bond Fund #,2020/12/04,USD,1.0580,1.0580
MIL Barings Developed and Emerging Markets High Yield Bond Fund #,2020/12/07,USD,1.0610,1.0610
MIL Barings Developed and Emerging Markets High Yield Bond Fund #,2020/12/08,USD,1.0620,1.0620
MIL Barings Developed and Emerging Markets High Yield Bond Fund #,2020/12/09,USD,1.0640,1.0640
MIL Barings Developed and Emerging Markets High Yield Bond Fund #,2020/12/10,USD,1.0650,1.0650
MIL Barings Developed and Emerging Markets High Yield Bond Fund #,2020/12/11,USD,1.0660,1.0660
MIL Barings Developed and Emerging Markets High Yield Bond Fund #,2020/12/14,USD,1.0670,1.0670
MIL Barings Developed and Emerging Markets High Yield Bond Fund #,2020/12/15,USD,1.0690,1.0690
MIL Barings Developed and Emerging Markets High Yield Bond Fund #,2020/12/16,USD,1.0700,1.0700
MIL Barings Developed and Emerging Markets High Yield Bond Fund #,2020/12/17,USD,1.0700,1.0700
MIL Barings Developed and Emerging Markets High Yield Bond Fund #,2020/12/18,USD,1.0710,1.0710
MIL Barings Developed and Emerging Markets High Yield Bond Fund #,2020/12/21,USD,1.0700,1.0700
MIL Barings Developed and Emerging Markets High Yield Bond Fund #,2020/12/22,USD,1.0670,1.0670
MIL Barings Developed and Emerging Markets High Yield Bond Fund #,2020/12/23,USD,1.0680,1.0680
MIL Barings Developed and Emerging Markets High Yield Bond Fund #,2020/12/24,USD,1.0690,1.0690
MIL Barings Developed and Emerging Markets High Yield Bond Fund #,2020/12/28,USD,1.0690,1.0690
MIL Barings Developed and Emerging Markets High Yield Bond Fund #,2020/12/29,USD,1.0690,1.0690
MIL Barings Developed and Emerging Markets High Yield Bond Fund #,2020/12/30,USD,1.0750,1.0750
MIL Barings Developed and Emerging Markets High Yield Bond Fund #,2020/12/31,USD,1.0790,1.0790
MIL Barings Developed and Emerging Markets High Yield Bond Fund #,2021/01/04,USD,1.0800,1.0800
MIL Barings Developed and Emerging Markets High Yield Bond Fund #,2021/01/05,USD,1.0810,1.0810
MIL Barings Developed and Emerging Markets High Yield Bond Fund #,2021/01/06,USD,1.0810,1.0810
MIL Barings Developed and Emerging Markets High Yield Bond Fund #,2021/01/07,USD,1.0820,1.0820
MIL Barings Developed and Emerging Markets High Yield Bond Fund #,2021/01/08,USD,1.0840,1.0840
MIL Barings Developed and Emerging Markets High Yield Bond Fund #,2021/01/11,USD,1.0850,1.0850
MIL Barings Developed and Emerging Markets High Yield Bond Fund #,2021/01/12,USD,1.0840,1.0840
MIL Barings Developed and Emerging Markets High Yield Bond Fund #,2021/01/13,USD,1.0840,1.0840
MIL Barings Developed and Emerging Markets High Yield Bond Fund #,2021/01/14,USD,1.0870,1.0870
MIL Barings Developed and Emerging Markets High Yield Bond Fund #,2021/01/15,USD,1.0880,1.0880
MIL Barings Developed and Emerging Markets High Yield Bond Fund #,2021/01/18,USD,1.0890,1.0890
MIL Barings Developed and Emerging Markets High Yield Bond Fund #,2021/01/19,USD,1.0890,1.0890
MIL Barings Developed and Emerging Markets High Yield Bond Fund #,2021/01/20,USD,1.0900,1.0900
MIL Barings Developed and Emerging Markets High Yield Bond Fund #,2021/01/21,USD,1.0920,1.0920
MIL Barings Developed and Emerging Markets High Yield Bond Fund #,2021/01/22,USD,1.0930,1.0930
MIL Barings Developed and Emerging Markets High Yield Bond Fund #,2021/01/25,USD,1.0910,1.0910
MIL Barings Developed and Emerging Markets High Yield Bond Fund #,2021/01/26,USD,1.0910,1.0910
MIL Barings Developed and Emerging Markets High Yield Bond Fund #,2021/01/27,USD,1.0910,1.0910
MIL Barings Developed and Emerging Markets High Yield Bond Fund #,2021/01/28,USD,1.0880,1.0880
MIL Barings Developed and Emerging Markets High Yield Bond Fund #,2021/01/29,USD,1.0890,1.0890
MIL Barings Developed and Emerging Markets High Yield Bond Fund #,2021/02/01,USD,1.0880,1.0880
MIL Barings Developed and Emerging Markets High Yield Bond Fund #,2021/02/02,USD,1.0910,1.0910
MIL Barings Developed and Emerging Markets High Yield Bond Fund #,2021/02/03,USD,1.0930,1.0930
MIL Barings Developed and Emerging Markets High Yield Bond Fund #,2021/02/04,USD,1.0940,1.0940
MIL Barings Developed and Emerging Markets High Yield Bond Fund #,2021/02/05,USD,1.0960,1.0960
MIL Barings Developed and Emerging Markets High Yield Bond Fund #,2021/02/08,USD,1.0990,1.0990
MIL Barings Developed and Emerging Markets High Yield Bond Fund #,2021/02/09,USD,1.1000,1.1000
MIL Barings Developed and Emerging Markets High Yield Bond Fund #,2021/02/10,USD,1.1020,1.1020
MIL Barings Developed and Emerging Markets High Yield Bond Fund #,2021/02/11,USD,1.1030,1.1030
MIL Barings Developed and Emerging Markets High Yield Bond Fund #,2021/02/16,USD,1.1050,1.1050
MIL Barings Developed and Emerging Markets High Yield Bond Fund #,2021/02/17,USD,1.1060,1.1060
MIL Barings Developed and Emerging Markets High Yield Bond Fund #,2021/02/18,USD,1.1060,1.1060
MIL Barings Developed and Emerging Markets High Yield Bond Fund #,2021/02/19,USD,1.1060,1.1060
MIL Barings Developed and Emerging Markets High Yield Bond Fund #,2021/02/22,USD,1.1060,1.1060
MIL Barings Developed and Emerging Markets High Yield Bond Fund #,2021/02/23,USD,1.1050,1.1050
MIL Barings Developed and Emerging Markets High Yield Bond Fund #,2021/02/24,USD,1.1060,1.1060
MIL Barings Developed and Emerging Markets High Yield Bond Fund #,2021/02/25,USD,1.1070,1.1070
MIL Barings Developed and Emerging Markets High Yield Bond Fund #,2021/02/26,USD,1.1050,1.1050
MIL Barings Developed and Emerging Markets High Yield Bond Fund #,2021/03/01,USD,1.1040,1.1040
MIL Barings Developed and Emerging Markets High Yield Bond Fund #,2021/03/02,USD,1.1050,1.1050
MIL Barings Developed and Emerging Markets High Yield Bond Fund #,2021/03/03,USD,1.1060,1.1060
MIL Barings Developed and Emerging Markets High Yield Bond Fund #,2021/03/04,USD,1.1050,1.1050
MIL Barings Developed and Emerging Markets High Yield Bond Fund #,2021/03/05,USD,1.1030,1.1030
MIL Barings Developed and Emerging Markets High Yield Bond Fund #,2021/03/08,USD,1.1020,1.1020
MIL Barings Developed and Emerging Markets High Yield Bond Fund #,2021/03/09,USD,1.1010,1.1010
MIL Barings Developed and Emerging Markets High Yield Bond Fund #,2021/03/10,USD,1.1010,1.1010
MIL Barings Developed and Emerging Markets High Yield Bond Fund #,2021/03/11,USD,1.1020,1.1020
MIL Barings Developed and Emerging Markets High Yield Bond Fund #,2021/03/12,USD,1.1060,1.1060
MIL Barings Developed and Emerging Markets High Yield Bond Fund #,2021/03/15,USD,1.1040,1.1040
MIL Barings Developed and Emerging Markets High Yield Bond Fund #,2021/03/16,USD,1.1050,1.1050
MIL Barings Developed and Emerging Markets High Yield Bond Fund #,2021/03/17,USD,1.1050,1.1050
MIL Barings Developed and Emerging Markets High Yield Bond Fund #,2021/03/18,USD,1.1030,1.1030
MIL Barings Developed and Emerging Markets High Yield Bond Fund #,2021/03/19,USD,1.1010,1.1010
MIL Barings Developed and Emerging Markets High Yield Bond Fund #,2021/03/22,USD,1.1010,1.1010
MIL Barings Developed and Emerging Markets High Yield Bond Fund #,2021/03/23,USD,1.1020,1.1020
MIL Barings Developed and Emerging Markets High Yield Bond Fund #,2021/03/24,USD,1.1030,1.1030
MIL Barings Developed and Emerging Markets High Yield Bond Fund #,2021/03/25,USD,1.1050,1.1050
MIL Barings Developed and Emerging Markets High Yield Bond Fund #,2021/03/26,USD,1.1040,1.1040
MIL Barings Developed and Emerging Markets High Yield Bond Fund #,2021/03/29,USD,1.1050,1.1050
MIL Barings Developed and Emerging Markets High Yield Bond Fund #,2021/03/30,USD,1.1050,1.1050
MIL Barings Developed and Emerging Markets High Yield Bond Fund #,2021/03/31,USD,1.1050,1.1050
MIL Barings Developed and Emerging Markets High Yield Bond Fund #,2021/04/01,USD,1.1070,1.1070
MIL Barings Developed and Emerging Markets High Yield Bond Fund #,2021/04/07,USD,1.1120,1.1120
MIL Barings Developed and Emerging Markets High Yield Bond Fund #,2021/04/08,USD,1.1130,1.1130
MIL Barings Developed and Emerging Markets High Yield Bond Fund #,2021/04/09,USD,1.1140,1.1140
MIL Barings Developed and Emerging Markets High Yield Bond Fund #,2021/04/12,USD,1.1140,1.1140
MIL Barings Developed and Emerging Markets High Yield Bond Fund #,2021/04/13,USD,1.1120,1.1120
MIL Barings Developed and Emerging Markets High Yield Bond Fund #,2021/04/14,USD,1.1120,1.1120
MIL Barings Developed and Emerging Markets High Yield Bond Fund #,2021/04/15,USD,1.1130,1.1130
MIL Barings Developed and Emerging Markets High Yield Bond Fund #,2021/04/16,USD,1.1150,1.1150
MIL Barings Developed and Emerging Markets High Yield Bond Fund #,2021/04/19,USD,1.1170,1.1170
MIL Barings Developed and Emerging Markets High Yield Bond Fund #,2021/04/20,USD,1.1160,1.1160
MIL Barings Developed and Emerging Markets High Yield Bond Fund #,2021/04/21,USD,1.1140,1.1140
MIL Barings Developed and Emerging Markets High Yield Bond Fund #,2021/04/22,USD,1.1140,1.1140
MIL Barings Developed and Emerging Markets High Yield Bond Fund #,2021/04/23,USD,1.1150,1.1150
MIL Barings Developed and Emerging Markets High Yield Bond Fund #,2021/04/26,USD,1.1160,1.1160
MIL Barings Developed and Emerging Markets High Yield Bond Fund #,2021/04/27,USD,1.1170,1.1170
MIL Barings Developed and Emerging Markets High Yield Bond Fund #,2021/04/28,USD,1.1170,1.1170
MIL Barings Developed and Emerging Markets High Yield Bond Fund #,2021/04/29,USD,1.1180,1.1180
MIL Barings Developed and Emerging Markets High Yield Bond Fund #,2021/04/30,USD,1.1200,1.1200
MIL Barings Developed and Emerging Markets High Yield Bond Fund #,2021/05/03,USD,S,S
MIL Barings Developed and Emerging Markets High Yield Bond Fund #,2021/05/04,USD,1.1210,1.1210
MIL Barings Developed and Emerging Markets High Yield Bond Fund #,2021/05/05,USD,1.1210,1.1210
MIL Barings Developed and Emerging Markets High Yield Bond Fund #,2021/05/06,USD,1.1220,1.1220
MIL Barings Developed and Emerging Markets High Yield Bond Fund #,2021/05/07,USD,1.1230,1.1230
MIL Barings Developed and Emerging Markets High Yield Bond Fund #,2021/05/10,USD,1.1240,1.1240
MIL Barings Developed and Emerging Markets High Yield Bond Fund #,2021/05/11,USD,1.1240,1.1240
MIL Barings Developed and Emerging Markets High Yield Bond Fund #,2021/05/12,USD,1.1230,1.1230
MIL Barings Developed and Emerging Markets High Yield Bond Fund #,2021/05/13,USD,1.1200,1.1200
MIL Barings Developed and Emerging Markets High Yield Bond Fund #,2021/05/14,USD,1.1200,1.1200
MIL Barings Developed and Emerging Markets High Yield Bond Fund #,2021/05/17,USD,1.1210,1.1210
MIL Barings Developed and Emerging Markets High Yield Bond Fund #,2021/05/18,USD,1.1220,1.1220
MIL Barings Developed and Emerging Markets High Yield Bond Fund #,2021/05/20,USD,1.1200,1.1200
MIL Barings Developed and Emerging Markets High Yield Bond Fund #,2021/05/21,USD,1.1210,1.1210
MIL Barings Developed and Emerging Markets High Yield Bond Fund #,2021/05/24,USD,1.1220,1.1220
MIL Barings Developed and Emerging Markets High Yield Bond Fund #,2021/05/25,USD,1.1230,1.1230
MIL Barings Developed and Emerging Markets High Yield Bond Fund #,2021/05/26,USD,1.1240,1.1240
MIL Barings Developed and Emerging Markets High Yield Bond Fund #,2021/05/27,USD,1.1250,1.1250
MIL Barings Developed and Emerging Markets High Yield Bond Fund #,2021/05/28,USD,1.1260,1.1260
MIL Barings Developed and Emerging Markets High Yield Bond Fund #,2021/05/31,USD,S,S
MIL Barings Developed and Emerging Markets High Yield Bond Fund #,2021/06/01,USD,1.1270,1.1270
MIL Barings Developed and Emerging Markets High Yield Bond Fund #,2021/06/02,USD,1.1280,1.1280
MIL Barings Developed and Emerging Markets High Yield Bond Fund #,2021/06/03,USD,1.1290,1.1290
MIL Barings Developed and Emerging Markets High Yield Bond Fund #,2021/06/04,USD,1.1290,1.1290
MIL Barings Developed and Emerging Markets High Yield Bond Fund #,2021/06/07,USD,1.1290,1.1290
MIL Barings Developed and Emerging Markets High Yield Bond Fund #,2021/06/08,USD,1.1300,1.1300
MIL Barings Developed and Emerging Markets High Yield Bond Fund #,2021/06/09,USD,1.1320,1.1320
MIL Barings Developed and Emerging Markets High Yield Bond Fund #,2021/06/10,USD,1.1330,1.1330
MIL Barings Developed and Emerging Markets High Yield Bond Fund #,2021/06/11,USD,1.1350,1.1350
MIL Barings Developed and Emerging Markets High Yield Bond Fund #,2021/06/15,USD,1.1360,1.1360
MIL Barings Developed and Emerging Markets High Yield Bond Fund #,2021/06/16,USD,1.1360,1.1360
MIL Barings Developed and Emerging Markets High Yield Bond Fund #,2021/06/17,USD,1.1360,1.1360
MIL Barings Developed and Emerging Markets High Yield Bond Fund #,2021/06/18,USD,1.1340,1.1340
MIL Barings Developed and Emerging Markets High Yield Bond Fund #,2021/06/21,USD,1.1330,1.1330
MIL Barings Developed and Emerging Markets High Yield Bond Fund #,2021/06/22,USD,1.1330,1.1330
MIL Barings Developed and Emerging Markets High Yield Bond Fund #,2021/06/23,USD,1.1330,1.1330
MIL Barings Developed and Emerging Markets High Yield Bond Fund #,2021/06/24,USD,1.1350,1.1350
MIL Barings Developed and Emerging Markets High Yield Bond Fund #,2021/06/25,USD,1.1360,1.1360
MIL Barings Developed and Emerging Markets High Yield Bond Fund #,2021/06/28,USD,1.1370,1.1370
MIL Barings Developed and Emerging Markets High Yield Bond Fund #,2021/06/29,USD,1.1370,1.1370
MIL Barings Developed and Emerging Markets High Yield Bond Fund #,2021/06/30,USD,1.1380,1.1380
MIL Barings Developed and Emerging Markets High Yield Bond Fund #,2021/07/02,USD,1.1410,1.1410
MIL Barings Developed and Emerging Markets High Yield Bond Fund #,2021/07/05,USD,1.1410,1.1410
MIL Barings Developed and Emerging Markets High Yield Bond Fund #,2021/07/06,USD,1.1410,1.1410
MIL Barings Developed and Emerging Markets High Yield Bond Fund #,2021/07/07,USD,1.1420,1.1420
MIL Barings Developed and Emerging Markets High Yield Bond Fund #,2021/07/08,USD,1.1420,1.1420
MIL Barings Developed and Emerging Markets High Yield Bond Fund #,2021/07/09,USD,1.1410,1.1410
MIL Barings Developed and Emerging Markets High Yield Bond Fund #,2021/07/12,USD,1.1410,1.1410
MIL Barings Developed and Emerging Markets High Yield Bond Fund #,2021/07/13,USD,1.1410,1.1410
MIL Barings Developed and Emerging Markets High Yield Bond Fund #,2021/07/14,USD,1.1410,1.1410
MIL Barings Developed and Emerging Markets High Yield Bond Fund #,2021/07/15,USD,1.1410,1.1410
MIL Barings Developed and Emerging Markets High Yield Bond Fund #,2021/07/16,USD,1.1400,1.1400
MIL Barings Developed and Emerging Markets High Yield Bond Fund #,2021/07/19,USD,1.1390,1.1390
MIL Barings Developed and Emerging Markets High Yield Bond Fund #,2021/07/20,USD,1.1340,1.1340
MIL Barings Developed and Emerging Markets High Yield Bond Fund #,2021/07/21,USD,1.1350,1.1350
MIL Barings Developed and Emerging Markets High Yield Bond Fund #,2021/07/22,USD,1.1370,1.1370
MIL Barings Developed and Emerging Markets High Yield Bond Fund #,2021/07/23,USD,1.1370,1.1370
MIL Barings Developed and Emerging Markets High Yield Bond Fund #,2021/07/26,USD,1.1380,1.1380
MIL Barings Developed and Emerging Markets High Yield Bond Fund #,2021/07/27,USD,1.1380,1.1380
MIL Barings Developed and Emerging Markets High Yield Bond Fund #,2021/07/28,USD,1.1360,1.1360
MIL Barings Developed and Emerging Markets High Yield Bond Fund #,2021/07/29,USD,1.1360,1.1360
MIL Barings Developed and Emerging Markets High Yield Bond Fund #,2021/07/30,USD,1.1360,1.1360
MIL Barings Developed and Emerging Markets High Yield Bond Fund #,2021/08/02,USD,S,S
MIL Barings Developed and Emerging Markets High Yield Bond Fund #,2021/08/03,USD,1.1370,1.1370
MIL Barings Developed and Emerging Markets High Yield Bond Fund #,2021/08/04,USD,1.1370,1.1370
MIL Barings Developed and Emerging Markets High Yield Bond Fund #,2021/08/05,USD,1.1360,1.1360
MIL Barings Developed and Emerging Markets High Yield Bond Fund #,2021/08/06,USD,1.1360,1.1360
MIL Barings Developed and Emerging Markets High Yield Bond Fund #,2021/08/09,USD,1.1360,1.1360
MIL Barings Developed and Emerging Markets High Yield Bond Fund #,2021/08/10,USD,1.1340,1.1340
MIL Barings Developed and Emerging Markets High Yield Bond Fund #,2021/08/11,USD,1.1350,1.1350
MIL Barings Developed and Emerging Markets High Yield Bond Fund #,2021/08/12,USD,1.1340,1.1340
MIL Barings Developed and Emerging Markets High Yield Bond Fund #,2021/08/13,USD,1.1350,1.1350
MIL Barings Developed and Emerging Markets High Yield Bond Fund #,2021/08/16,USD,1.1350,1.1350
MIL Barings Developed and Emerging Markets High Yield Bond Fund #,2021/08/17,USD,1.1350,1.1350
MIL Barings Developed and Emerging Markets High Yield Bond Fund #,2021/08/18,USD,1.1340,1.1340
MIL Barings Developed and Emerging Markets High Yield Bond Fund #,2021/08/19,USD,1.1340,1.1340
MIL Barings Developed and Emerging Markets High Yield Bond Fund #,2021/08/20,USD,1.1310,1.1310
MIL Barings Developed and Emerging Markets High Yield Bond Fund #,2021/08/23,USD,1.1320,1.1320
MIL Barings Developed and Emerging Markets High Yield Bond Fund #,2021/08/24,USD,1.1350,1.1350
MIL Barings Developed and Emerging Markets High Yield Bond Fund #,2021/08/25,USD,1.1370,1.1370
MIL Barings Developed and Emerging Markets High Yield Bond Fund #,2021/08/26,USD,1.1370,1.1370
MIL Barings Developed and Emerging Markets High Yield Bond Fund #,2021/08/27,USD,1.1390,1.1390
MIL Barings Developed and Emerging Markets High Yield Bond Fund #,2021/08/30,USD,1.1380,1.1380
MIL Barings Developed and Emerging Markets High Yield Bond Fund #,2021/08/31,USD,1.1420,1.1420
MIL Barings Developed and Emerging Markets High Yield Bond Fund #,2021/09/01,USD,1.1430,1.1430
MIL Barings Developed and Emerging Markets High Yield Bond Fund #,2021/09/02,USD,1.1440,1.1440
MIL Barings Developed and Emerging Markets High Yield Bond Fund #,2021/09/03,USD,1.1450,1.1450
MIL Barings Developed and Emerging Markets High Yield Bond Fund #,2021/09/06,USD,1.1450,1.1450
MIL Barings Developed and Emerging Markets High Yield Bond Fund #,2021/09/07,USD,1.1450,1.1450
MIL Barings Developed and Emerging Markets High Yield Bond Fund #,2021/09/08,USD,1.1460,1.1460
MIL Barings Developed and Emerging Markets High Yield Bond Fund #,2021/09/09,USD,1.1460,1.1460
MIL Barings Developed and Emerging Markets High Yield Bond Fund #,2021/09/10,USD,1.1470,1.1470
MIL Barings Developed and Emerging Markets High Yield Bond Fund #,2021/09/13,USD,1.1480,1.1480
MIL Barings Developed and Emerging Markets High Yield Bond Fund #,2021/09/14,USD,1.1490,1.1490
MIL Barings Developed and Emerging Markets High Yield Bond Fund #,2021/09/15,USD,1.1500,1.1500
MIL Barings Developed and Emerging Markets High Yield Bond Fund #,2021/09/16,USD,1.1510,1.1510
MIL Barings Developed and Emerging Markets High Yield Bond Fund #,2021/09/17,USD,1.1500,1.1500
MIL Barings Developed and Emerging Markets High Yield Bond Fund #,2021/09/20,USD,1.1490,1.1490
MIL Barings Developed and Emerging Markets High Yield Bond Fund #,2021/09/21,USD,1.1450,1.1450
MIL Barings Developed and Emerging Markets High Yield Bond Fund #,2021/09/23,USD,1.1470,1.1470
MIL Barings Developed and Emerging Markets High Yield Bond Fund #,2021/09/24,USD,1.1480,1.1480
MIL Barings Developed and Emerging Markets High Yield Bond Fund #,2021/09/27,USD,1.1470,1.1470
MIL Barings Developed and Emerging Markets High Yield Bond Fund #,2021/09/28,USD,1.1460,1.1460
MIL Barings Developed and Emerging Markets High Yield Bond Fund #,2021/09/29,USD,1.1430,1.1430
MIL Barings Developed and Emerging Markets High Yield Bond Fund #,2021/09/30,USD,1.1440,1.1440
MIL Barings Developed and Emerging Markets High Yield Bond Fund #,2021/10/04,USD,1.1430,1.1430
MIL Barings Developed and Emerging Markets High Yield Bond Fund #,2021/10/05,USD,1.1420,1.1420
MIL Barings Developed and Emerging Markets High Yield Bond Fund #,2021/10/06,USD,1.1400,1.1400
MIL Barings Developed and Emerging Markets High Yield Bond Fund #,2021/10/07,USD,1.1350,1.1350
MIL Barings Developed and Emerging Markets High Yield Bond Fund #,2021/10/08,USD,1.1340,1.1340
MIL Barings Developed and Emerging Markets High Yield Bond Fund #,2021/10/11,USD,1.1280,1.1280
MIL Barings Developed and Emerging Markets High Yield Bond Fund #,2021/10/12,USD,1.1270,1.1270
MIL Barings Developed and Emerging Markets High Yield Bond Fund #,2021/10/15,USD,1.1300,1.1300
MIL Barings Developed and Emerging Markets High Yield Bond Fund #,2021/10/18,USD,1.1350,1.1350
MIL Barings Developed and Emerging Markets High Yield Bond Fund #,2021/10/19,USD,1.1350,1.1350
MIL Barings Developed and Emerging Markets High Yield Bond Fund #,2021/10/20,USD,1.1360,1.1360
MIL Barings Developed and Emerging Markets High Yield Bond Fund #,2021/10/21,USD,1.1360,1.1360
MIL Barings Developed and Emerging Markets High Yield Bond Fund #,2021/10/22,USD,1.1340,1.1340
MIL Barings Developed and Emerging Markets High Yield Bond Fund #,2021/10/25,USD,1.1340,1.1340
MIL Barings Developed and Emerging Markets High Yield Bond Fund #,2021/10/26,USD,1.1320,1.1320
MIL Barings Developed and Emerging Markets High Yield Bond Fund #,2021/10/27,USD,1.1320,1.1320
MIL Barings Developed and Emerging Markets High Yield Bond Fund #,2021/10/28,USD,1.1310,1.1310
MIL Barings Developed and Emerging Markets High Yield Bond Fund #,2021/10/29,USD,1.1300,1.1300
MIL Barings Developed and Emerging Markets High Yield Bond Fund #,2021/11/01,USD,1.1270,1.1270
MIL Barings Developed and Emerging Markets High Yield Bond Fund #,2021/11/02,USD,1.1250,1.1250
MIL Barings Developed and Emerging Markets High Yield Bond Fund #,2021/11/03,USD,1.1250,1.1250
MIL Barings Developed and Emerging Markets High Yield Bond Fund #,2021/11/04,USD,1.1230,1.1230
MIL Barings Developed and Emerging Markets High Yield Bond Fund #,2021/11/05,USD,1.1240,1.1240
